Rk,Player,Pos,Age,Tm,G,GS,MP,FG,FGA,FG%,3P,3PA,3P%,2P,2PA,2P%,eFG%,FT,FTA,FT%,ORB,DRB,TRB,AST,STL,BLK,TOV,PF,PTS,PER,TS%,3PAr,FTr,ORB%,DRB%,TRB%,AST%,STL%,BLK%,TOV%,USG%,OWS,DWS,WS,WS/48,OBPM,DBPM,BPM,VORP,MIP
1,Shareef Abdur-Rahim\abdursh01,PF,31,SAC,6,0,8.5,0.5,2.3,0.214,0,0,,0.5,2.3,0.214,0.214,0.7,0.7,1,1,0.7,1.7,0.7,0.2,0,0.2,1.5,1.7,5.5,0.317,0,0.286,14.2,9.1,11.6,11.1,1,0,6,14.7,0,0,0,-0.005,-3.6,-2.1,-5.7,0,0
2,Arron Afflalo\afflaar01,SG,22,DET,75,9,12.9,1.3,3.2,0.411,0.1,0.6,0.208,1.2,2.6,0.461,0.432,0.9,1.2,0.782,0.5,1.3,1.8,0.7,0.4,0.1,0.5,1.1,3.7,10.2,0.494,0.199,0.361,4.4,12.5,8.4,8.1,1.8,0.7,10.9,15.2,0.5,1.4,1.9,0.092,-2.3,0.6,-1.6,0.1,0
4,Blake Ahearn\ahearbl01,PG,23,MIA,12,0,14.8,1.3,4.8,0.263,0.8,2.8,0.294,0.4,1.9,0.217,0.351,2.5,2.6,0.968,0.1,1.5,1.6,1.6,0.5,0,1.3,1.7,5.8,9,0.495,0.596,0.544,0.7,12.4,6.4,17.2,1.8,0,18.5,23.2,-0.1,0.1,0,-0.006,-2.8,-2.8,-5.6,-0.2,0
5,LaMarcus Aldridge\aldrila01,PF,22,POR,76,76,34.9,7.4,15.3,0.484,0,0.1,0.143,7.4,15.2,0.486,0.484,3,3.9,0.762,2.9,4.7,7.6,1.6,0.7,1.2,1.7,3.2,17.8,18.5,0.523,0.006,0.257,9.8,15.8,12.8,8.8,1.1,2.8,8.9,25.3,3.5,2.8,6.2,0.113,0.1,0.7,0.8,1.8,1
7,Ray Allen*\allenra02,SG,32,BOS,73,73,35.9,6,13.5,0.445,2.5,6.2,0.398,3.5,7.3,0.485,0.537,2.9,3.2,0.907,1,2.6,3.7,3.1,0.9,0.2,1.7,2,17.4,16.4,0.584,0.458,0.24,3.6,8.3,6.1,14.6,1.3,0.5,10.4,21.6,5.6,4.1,9.7,0.177,3.2,-0.1,3.1,3.4,0
8,Tony Allen\allento01,SG,26,BOS,75,11,18.3,2.3,5.2,0.434,0.2,0.8,0.316,2,4.4,0.455,0.458,1.8,2.4,0.762,0.5,1.8,2.2,1.5,0.8,0.3,1.5,2.2,6.6,10.7,0.527,0.147,0.465,3.1,11,7.3,13.1,2.4,1.3,18.9,19.6,-0.1,2.8,2.7,0.093,-3.2,1.8,-1.4,0.2,0
9,Lance Allred\allrela01,C,26,CLE,3,0,3.3,0.3,1.3,0.25,0,0,,0.3,1.3,0.25,0.25,0.3,0.7,0.5,0,0.3,0.3,0,0,0,0,0.3,1,-1,0.307,0,0.5,0,11.8,5.7,0,0,0,0,22.1,0,0,0,-0.125,-12.6,-7.1,-19.7,0,0
10,Morris Almond\almonmo01,SG,22,UTA,9,0,4.3,0.4,1.7,0.267,0.1,0.4,0.25,0.3,1.2,0.273,0.3,0.4,0.7,0.667,0,0.2,0.2,0.3,0.1,0,0.2,0.6,1.4,2,0.368,0.267,0.4,0,6.2,3.1,10.5,1.3,0,10.2,22.5,-0.1,0,-0.1,-0.081,-6.9,-4,-11,-0.1,0
11,Rafer Alston\alstora01,PG,31,HOU,74,74,34.1,4.9,12.5,0.394,1.9,5.5,0.351,3,7,0.427,0.471,1.3,1.9,0.715,0.4,3.1,3.5,5.3,1.3,0.2,2.2,1.9,13.1,13.2,0.492,0.44,0.148,1.3,10.2,5.8,25.2,2.1,0.5,14,20.7,1,4,5,0.095,0.2,0.7,1,1.9,0
12,Lou Amundson\amundlo01,PF,25,PHI,16,0,4,0.5,1,0.5,0,0,,0.5,1,0.5,0.5,0.1,0.4,0.286,0.4,0.3,0.8,0,0.1,0.1,0.1,0.8,1.1,7.4,0.472,0,0.438,12.9,9.4,11.1,0,0.8,1.2,9.5,14.9,0,0,0.1,0.043,-4.5,-4.3,-8.8,-0.1,0
13,Chris Andersen\anderch01,C,29,NOH,5,0,6.8,0.4,1.4,0.286,0,0,,0.4,1.4,0.286,0.286,0.4,0.8,0.5,0.4,1.4,1.8,0,0,0.8,0.2,1.2,1.2,6.1,0.342,0,0.571,6.7,24.6,15.5,0,0,9.2,10.2,13.3,-0.1,0.1,0,0.012,-10.4,0.8,-9.6,-0.1,0
14,Derek Anderson\anderde01,SG,33,CHA,28,0,14.1,1.7,4.5,0.376,0.7,1.9,0.365,1,2.6,0.384,0.452,1,1.4,0.737,0.3,1.5,1.9,1.6,0.4,0,0.9,1.8,5,10,0.497,0.416,0.304,2.6,12.6,7.5,17.8,1.6,0.2,15,19.3,0,0.3,0.3,0.032,-1.9,-1.8,-3.7,-0.2,0
15,Carmelo Anthony\anthoca01,SF,23,DEN,77,77,36.4,9.5,19.2,0.492,0.8,2.1,0.354,8.7,17.1,0.509,0.511,6,7.7,0.786,2.3,5.1,7.4,3.4,1.3,0.5,3.3,3.3,25.7,21.1,0.568,0.111,0.398,7,14.9,11,16.1,1.7,1,12.7,30.2,5.2,3,8.2,0.14,2.2,-0.6,1.6,2.6,0
16,Joel Anthony\anthojo01,PF,25,MIA,24,1,20.8,1.2,2.5,0.467,0,0,,1.2,2.5,0.467,0.467,1.2,2,0.592,1.6,2.3,3.9,0.1,0.4,1.3,0.7,2.3,3.5,8.8,0.521,0,0.817,9,13.4,11.2,0.9,1,5,17.2,9.4,0.1,0.4,0.6,0.054,-4.8,1.4,-3.4,-0.2,0
17,Gilbert Arenas\arenagi01,PG,26,WAS,13,8,32.7,6,15.1,0.398,1.7,6,0.282,4.3,9.1,0.475,0.454,5.7,7.4,0.771,0.5,3.5,3.9,5.1,1.8,0.1,3.8,2.3,19.4,18.2,0.529,0.398,0.49,1.6,12.8,7,27.4,2.9,0.2,17.1,31.1,0.2,0.4,0.6,0.07,2.3,-1.6,0.7,0.3,0
19,Darrell Armstrong\armstda01,PG,39,NJN,50,2,11,0.8,2.2,0.364,0.5,1.4,0.333,0.3,0.8,0.415,0.468,0.4,0.6,0.667,0.3,1,1.3,1.5,0.6,0,0.8,1.1,2.5,8.7,0.499,0.627,0.273,3.6,10.6,7.1,20.5,2.7,0.3,25,13.7,-0.2,0.5,0.3,0.024,-2.6,-0.4,-3,-0.1,0
20,Hilton Armstrong\armsthi01,C,23,NOH,65,3,11.3,1,2.3,0.453,0,0,,1,2.3,0.453,0.453,0.7,1.1,0.629,1,1.5,2.5,0.4,0.2,0.5,0.9,2,2.7,7.7,0.498,0,0.473,10.1,16,13,4.4,1.1,3.6,24.8,15.1,-0.5,1,0.5,0.032,-5.1,1.8,-3.3,-0.2,0
21,Carlos Arroyo\arroyca01,PG,28,ORL,62,20,20.5,2.5,5.6,0.451,0.5,1.4,0.345,2.1,4.3,0.485,0.493,1.4,1.6,0.853,0.2,1.7,1.8,3.5,0.4,0,1.2,1.4,6.9,12.8,0.547,0.241,0.293,0.9,9,5.1,26.6,1.1,0.1,16.4,17,1.7,1.1,2.8,0.107,-0.8,-1.4,-2.2,-0.1,0
22,Chucky Atkins\atkinch01,SG,33,DEN,24,0,14.7,1.8,5.1,0.344,1,3.3,0.316,0.7,1.8,0.395,0.447,0.2,0.4,0.444,0.1,1.2,1.3,2,0.4,0,0.4,1.1,4.7,8.9,0.449,0.648,0.074,0.9,8.4,4.8,18.7,1.2,0.2,7.4,16.4,0.1,0.2,0.3,0.04,-1.1,-2.9,-4,-0.2,0
23,James Augustine\augusja01,PF,23,ORL,25,0,6,0.7,1.4,0.529,0,0,,0.7,1.4,0.529,0.529,0.2,0.3,0.5,0.6,0.6,1.2,0.1,0.2,0.1,0.2,0.7,1.6,10.8,0.533,0,0.235,12.9,10.4,11.6,2.1,1.7,1,13.8,13.4,0.1,0.2,0.3,0.098,-2.2,-0.3,-2.6,0,0
24,Kelenna Azubuike\azubuke01,SG,24,GSW,81,17,21.4,3.2,7.2,0.445,0.9,2.4,0.364,2.3,4.8,0.485,0.505,1.2,1.7,0.717,1.3,2.7,4,0.9,0.6,0.4,0.7,2,8.5,13.5,0.534,0.332,0.235,6.4,14,10,6.1,1.3,1.4,8.2,17.2,2.3,1.1,3.4,0.094,-0.3,-1.2,-1.5,0.2,0
25,Renaldo Balkman\balkmre01,SF,23,NYK,65,0,14.6,1.4,2.9,0.489,0,0.2,0.083,1.4,2.7,0.517,0.492,0.6,1.5,0.432,1.3,2,3.3,0.6,0.7,0.5,0.6,2,3.4,11.5,0.492,0.065,0.511,9.6,16.4,12.9,6.5,2.4,2.4,14,12.5,0.4,0.9,1.3,0.065,-2.4,1.8,-0.6,0.3,0
27,Leandro Barbosa\barbole01,SG,25,PHO,82,12,29.5,5.8,12.5,0.462,2,5.1,0.389,3.8,7.3,0.514,0.543,2.1,2.6,0.822,0.5,2.3,2.8,2.6,0.9,0.2,1.4,2.4,15.6,15.8,0.575,0.413,0.209,2,8.2,5.4,13.5,1.5,0.5,9.5,22.8,3.9,1.6,5.5,0.109,2.4,-1.8,0.6,1.6,0
28,J.J. Barea\bareajo01,PG,23,DAL,44,9,10.5,1.6,3.9,0.418,0.5,1.2,0.389,1.1,2.6,0.431,0.479,0.6,0.8,0.8,0.1,1,1.1,1.3,0.3,0,0.8,1.1,4.3,11.7,0.515,0.318,0.206,1,10.5,5.9,20.6,1.6,0.2,15.9,22.3,0,0.5,0.5,0.052,-1.5,-1.8,-3.2,-0.1,0
29,Andrea Bargnani\bargnan01,PF,22,TOR,78,53,23.9,3.6,9.3,0.386,1.2,3.3,0.345,2.4,5.9,0.409,0.448,1.8,2.2,0.84,0.6,3.1,3.7,1.1,0.3,0.5,1.1,2.7,10.2,10.6,0.495,0.36,0.233,3.2,15.2,9.2,7.4,0.7,1.6,9.9,22.5,-0.3,1.6,1.4,0.036,-1.9,-1.2,-3,-0.5,0
30,Matt Barnes\barnema02,PF,27,GSW,73,18,19.4,2.6,6.1,0.423,0.7,2.5,0.293,1.8,3.6,0.513,0.483,0.8,1.1,0.747,1.3,3.2,4.4,1.9,0.7,0.5,1.2,2.2,6.7,12.9,0.51,0.41,0.179,6.8,18.1,12.3,13.5,1.6,1.9,15.1,16.7,1,1.3,2.3,0.077,-0.7,0.5,-0.2,0.6,0
31,Andre Barrett\barrean01,PG,25,LAC,4,0,6.3,0.5,1.3,0.4,0.3,0.8,0.333,0.3,0.5,0.5,0.5,0.3,0.5,0.5,0,0.3,0.3,1.8,0,0,0.3,0.3,1.5,12.5,0.51,0.6,0.4,0,4.7,2.3,44.3,0,0,14.5,12.7,0,0,0,0.078,-2.1,-8.4,-10.5,-0.1,0
32,Earl Barron\barroea01,C,26,MIA,46,15,19.3,2.9,7.1,0.404,0,0.3,0.077,2.8,6.8,0.417,0.405,1.3,1.9,0.701,1.5,2.8,4.3,0.6,0.4,0.2,1,2.5,7.1,9.4,0.446,0.04,0.266,8.9,17.9,13.3,5.8,1.1,0.7,11.6,22,-1,0.6,-0.4,-0.019,-5.5,-2.2,-7.7,-1.3,0
33,Brent Barry\barrybr01,SF,36,SAS,31,1,17.9,2.5,5.2,0.481,1.5,3.6,0.429,0.9,1.5,0.604,0.631,0.6,0.6,0.95,0.4,1.4,1.8,1.7,0.5,0.1,0.6,1.4,7.1,16.7,0.655,0.7,0.125,2.6,9,5.9,16.1,1.7,0.4,9.6,16.1,1.5,0.8,2.3,0.203,3.7,-0.1,3.6,0.8,0
34,Brandon Bass\bassbr01,C,22,DAL,79,1,19.7,3.1,6.2,0.499,0,0.1,0,3.1,6.2,0.503,0.499,2.1,2.5,0.822,1.5,2.9,4.4,0.7,0.3,0.6,1,1.9,8.3,15.9,0.564,0.008,0.4,9.2,16.3,12.9,6.1,0.8,2.3,12.4,19.8,2.4,1.9,4.3,0.132,-1,0,-1,0.4,0
35,Maceo Baston\bastoma01,PF,32,TOR,15,2,6.9,1.1,1.7,0.68,0,0,,1.1,1.7,0.68,0.68,0.5,0.7,0.7,0.6,1.1,1.7,0.2,0.1,0.3,0.3,1.3,2.7,17.6,0.697,0,0.4,10.3,19.7,14.9,4.6,1,3.2,12,15.3,0.3,0.1,0.4,0.201,0.4,0.4,0.8,0.1,0
36,Shane Battier\battish01,SF,29,HOU,80,78,36.3,3.3,7.7,0.428,1.7,4.6,0.377,1.6,3.1,0.504,0.54,0.9,1.3,0.743,1.6,3.5,5.1,1.9,1,1.1,1,2.5,9.3,11.7,0.561,0.596,0.163,5.2,10.5,7.9,8,1.4,2.3,10.5,11.7,3.6,4.6,8.2,0.135,0.8,3,3.8,4.3,0
37,Marco Belinelli\belinma01,SG,21,GSW,33,0,7.3,1.1,2.8,0.387,0.5,1.2,0.39,0.6,1.6,0.385,0.473,0.2,0.3,0.778,0.1,0.3,0.4,0.5,0.2,0,0.4,0.5,2.9,8.2,0.49,0.441,0.097,1.3,5.1,3.1,8.8,1,0,11,19.1,0,0,0,-0.002,-2.8,-4.3,-7.2,-0.3,0
38,Charlie Bell\bellch01,SG,28,MIL,68,5,23.9,2.7,7.1,0.381,1.1,3.2,0.341,1.6,4,0.413,0.457,1,1.3,0.805,0.5,2,2.5,3.1,0.8,0,1.1,1.8,7.6,10.9,0.49,0.447,0.179,2.1,10.3,6,19.9,1.7,0.1,12.7,16.6,1,0.3,1.3,0.038,-0.5,-2.2,-2.7,-0.3,0
39,Raja Bell\bellra01,SG,31,PHO,75,75,35.3,4.2,10,0.421,2.3,5.9,0.401,1.9,4.2,0.449,0.538,1.1,1.2,0.868,0.6,3,3.7,2.2,0.7,0.4,0.9,2.9,11.9,10.5,0.561,0.583,0.121,2.2,9,5.9,8.6,1,0.7,7.6,14.5,3,1.5,4.5,0.082,1.7,-0.4,1.3,2.2,0
41,Andris Biedri??\biedran01,C,21,GSW,76,59,27.3,4.5,7.1,0.626,0,0,,4.5,7.1,0.626,0.626,1.5,2.5,0.62,3.4,6.4,9.8,1,0.7,1.2,1.1,3.4,10.5,19.2,0.637,0,0.344,12.7,26.2,19.1,5.2,1.3,3.3,12,14.4,5.4,2.6,8,0.185,0.6,1.2,1.8,2,0
42,Chauncey Billups\billuch01,PG,31,DET,78,78,32.3,5,11.2,0.448,1.8,4.4,0.401,3.3,6.9,0.479,0.526,5.1,5.6,0.918,0.5,2.2,2.7,6.8,1.3,0.2,2.1,1.7,17,23.6,0.619,0.39,0.498,2,8.1,5,34.7,2.2,0.5,13,23,10.2,3.4,13.5,0.257,6.8,-0.7,6.1,5.2,0
43,Steve Blake\blakest01,PG,27,POR,81,78,29.9,3.2,7.9,0.408,1.5,3.7,0.406,1.7,4.2,0.409,0.502,0.6,0.8,0.766,0.4,2,2.4,5.1,0.7,0,1.4,1.6,8.5,12,0.518,0.466,0.1,1.5,7.9,4.7,27.1,1.2,0.1,14.5,15.3,2.5,1.3,3.8,0.075,0.6,-1.4,-0.8,0.7,0
44,Andray Blatche\blatcan01,PF,21,WAS,82,15,20.4,3.1,6.5,0.474,0,0.2,0.231,3.1,6.4,0.48,0.477,1.3,1.9,0.695,2,3.2,5.2,1.1,0.6,1.4,1.4,3.1,7.5,15.5,0.512,0.024,0.287,11.2,18.8,14.9,9.2,1.7,5.7,15.6,19.7,0.8,2.1,3,0.085,-1.9,2.4,0.5,1,0
45,Mark Blount\blounma01,C,32,MIA,69,46,22.3,3.4,7.5,0.462,0.2,0.6,0.386,3.2,6.8,0.469,0.479,1.3,2,0.638,1,2.8,3.8,0.6,0.5,0.5,1,1.9,8.4,11.4,0.505,0.085,0.268,5.3,15.3,10.2,4.8,1.1,1.8,10.8,19.8,-0.3,1,0.7,0.021,-4.1,-1.3,-5.4,-1.3,0
46,Keith Bogans\boganke01,SG,27,ORL,82,35,26.8,2.9,7.2,0.41,1.8,5,0.362,1.1,2.2,0.52,0.536,1,1.3,0.736,0.5,2.7,3.2,1.3,0.7,0.1,0.6,2,8.7,10.9,0.559,0.696,0.187,2.3,11.3,7,7.1,1.4,0.3,7.7,14.4,2.6,2.3,4.9,0.106,1.2,0.1,1.3,1.8,0
47,Andrew Bogut\bogutan01,C,23,MIL,78,78,34.9,6,11.7,0.511,0,0.1,0,6,11.6,0.515,0.511,2.4,4.1,0.587,3.1,6.6,9.8,2.6,0.8,1.7,2.2,3.3,14.3,17.5,0.532,0.008,0.354,10.2,23.4,16.5,12.4,1.2,3.9,14.1,20.2,2.6,2.3,4.8,0.085,-0.5,1.7,1.2,2.2,0
48,Matt Bonner\bonnema01,PF,27,SAS,68,3,12.5,1.8,4.3,0.416,0.7,2,0.336,1.1,2.3,0.487,0.495,0.6,0.6,0.864,0.8,2,2.8,0.5,0.2,0.3,0.6,1.6,4.8,12.4,0.525,0.471,0.151,7.4,19,13.3,6.2,0.9,1.5,11.2,19.6,0.5,1.5,2,0.11,-1.4,-0.2,-1.6,0.1,0
49,Josh Boone\boonejo01,PF,23,NJN,70,53,25.3,3.4,6.2,0.548,0,0,,3.4,6.2,0.548,0.548,1.4,3.1,0.456,2.7,4.5,7.3,0.8,0.5,0.9,1,2.2,8.2,14.8,0.543,0,0.5,12.5,20.8,16.6,5.3,1.1,2.7,11.4,15.4,1.9,1.8,3.7,0.1,-1.8,0.6,-1.2,0.3,0
50,Calvin Booth\boothca01,C,31,PHI,31,0,6.6,0.3,0.9,0.333,0,0,,0.3,0.9,0.333,0.333,0.2,0.3,0.6,0.2,1,1.2,0.3,0.2,0.6,0.1,1.1,0.8,7.1,0.382,0,0.37,3.5,18.8,11.1,5.4,1.6,7,11.3,7.8,-0.1,0.4,0.3,0.065,-6,4.9,-1.2,0,0
51,Carlos Boozer\boozeca01,PF,26,UTA,81,81,34.9,8.8,16,0.547,0,0,0,8.8,16,0.547,0.547,3.6,4.9,0.738,2.4,8,10.4,2.9,1.2,0.5,2.6,3.6,21.1,21.9,0.581,0.001,0.303,8.6,27.7,18.2,14.2,1.8,1.2,12.5,26.6,5.9,4.3,10.2,0.173,1.9,1.3,3.2,3.7,0
52,Chris Bosh\boshch01,C,23,TOR,67,67,36.2,7.6,15.3,0.494,0.1,0.4,0.4,7.4,15,0.496,0.499,7,8.3,0.844,2.6,6.1,8.7,2.6,0.9,1,2.3,2.3,22.3,23.8,0.588,0.024,0.544,8.4,20.1,14.2,12.1,1.4,2.2,10.7,27.7,7,3.1,10.1,0.2,2.7,1,3.7,3.5,0
53,Bruce Bowen\bowenbr01,SF,36,SAS,81,81,30.2,2.1,5.3,0.407,1.1,2.7,0.419,1,2.6,0.394,0.512,0.6,0.9,0.652,0.4,2.5,2.9,1.1,0.7,0.3,0.6,2.2,6,7,0.527,0.502,0.161,1.6,9.6,5.6,5.5,1.2,0.7,9.1,9.9,0.9,3.4,4.4,0.085,-1.6,2.1,0.4,1.5,0
54,Ryan Bowen\bowenry01,SF,32,NOH,53,4,12.5,0.9,1.9,0.49,0,0,0,0.9,1.9,0.495,0.49,0.3,0.5,0.552,1,0.8,1.9,0.5,0.6,0.2,0.3,1.5,2.2,9.9,0.505,0.01,0.29,9.5,8.2,8.9,5.2,2.6,1.3,11.7,9,0.6,0.8,1.5,0.107,-1.3,2.5,1.2,0.5,0
55,Earl Boykins\boykiea01,PG,31,CHA,36,0,16,1.7,4.8,0.355,0.4,1.2,0.318,1.3,3.6,0.367,0.395,1.4,1.6,0.831,0.3,0.7,0.9,2.7,0.4,0,1.1,0.6,5.1,10,0.467,0.256,0.343,1.8,5,3.4,26,1.2,0,17.2,19,-0.1,0.1,0,0.001,-3.2,-3.9,-7.1,-0.7,0
56,Elton Brand\brandel01,PF,28,LAC,8,6,34.3,6.5,14.3,0.456,0,0,,6.5,14.3,0.456,0.456,4.6,5.9,0.787,2.6,5.4,8,2,0.4,1.9,2.1,2.6,17.6,18,0.523,0,0.412,8.8,18.2,13.5,11.2,0.6,4.1,11.2,25.5,0.2,0.3,0.5,0.08,-1.8,0.3,-1.5,0,0
57,Corey Brewer\breweco01,SF,21,MIN,79,35,22.8,2.3,6.2,0.374,0.1,0.5,0.194,2.2,5.7,0.389,0.382,1.1,1.4,0.8,1,2.7,3.7,1.4,1,0.3,1.1,2.4,5.8,8.3,0.429,0.074,0.226,5.1,13.9,9.4,9.1,2.2,1.1,14.3,15.6,-1.4,1.2,-0.2,-0.005,-3.9,0.8,-3.2,-0.5,0
58,Ronnie Brewer\brewero02,SG,22,UTA,76,76,27.5,4.7,8.3,0.558,0.1,0.7,0.22,4.5,7.7,0.587,0.567,2.6,3.4,0.759,1.3,1.6,2.9,1.8,1.7,0.3,0.9,1.4,12,18.4,0.612,0.079,0.405,5.7,7,6.4,9.7,3.2,0.7,8.5,17.5,5.4,2.4,7.8,0.178,3,0.9,3.9,3.1,0
60,Aaron Brooks\brookaa01,PG,23,HOU,51,0,11.9,1.8,4.4,0.413,0.7,2.1,0.33,1.1,2.3,0.491,0.493,0.8,1,0.857,0.3,0.8,1.1,1.7,0.3,0.1,0.9,1.4,5.2,13.1,0.535,0.484,0.218,2.5,7.9,5.2,23.5,1.1,0.6,15.1,21.8,0.6,0.8,1.4,0.112,0,-1.8,-1.8,0,0
61,Andre Brown\brownan01,PF,26,MEM,33,1,8.7,1.2,2.4,0.5,0,0,,1.2,2.4,0.5,0.5,0.7,1.5,0.449,1.1,1.7,2.8,0.2,0.2,0.1,0.4,1.2,3,13.5,0.502,0,0.628,14.4,21.8,18,4.4,1.2,1,12.3,17.7,0.2,0.2,0.4,0.068,-3.1,-2,-5.1,-0.2,0
62,Devin Brown\brownde02,SG,29,CLE,78,20,22.6,2.8,6.8,0.409,0.6,1.9,0.308,2.2,4.9,0.447,0.451,1.4,1.8,0.754,0.8,2.5,3.4,2.2,0.7,0.1,1.3,1.8,7.5,11.3,0.494,0.275,0.267,4.1,13.2,8.5,16.1,1.6,0.3,14.3,17.8,0.6,1.7,2.4,0.064,-1.8,-0.4,-2.2,-0.1,0
64,P.J. Brown\brownpj01,PF,38,BOS,18,0,11.6,0.8,2.3,0.341,0,0.1,0,0.8,2.2,0.35,0.341,0.6,0.9,0.688,1.6,2.2,3.8,0.6,0.3,0.4,0.6,1.6,2.2,10.2,0.406,0.024,0.39,17.6,21,19.4,6.9,1.3,3.1,17.2,12.9,0,0.5,0.5,0.116,-3.5,3,-0.5,0.1,0
66,Kobe Bryant\bryanko01,SG,29,LAL,82,82,38.9,9.5,20.6,0.459,1.8,5.1,0.361,7.6,15.5,0.49,0.503,7.6,9,0.84,1.1,5.2,6.3,5.4,1.8,0.5,3.1,2.8,28.3,24.2,0.576,0.246,0.439,3.4,14.1,9,23.9,2.4,0.9,11.3,31.4,9.5,4.3,13.8,0.208,5.1,0.3,5.4,6,0
67,Greg Buckner\buckngr01,SG,31,MIN,31,4,16.8,1.5,3.8,0.385,0.5,1.6,0.3,1,2.2,0.448,0.449,0.6,0.7,0.864,0.3,1.8,2.1,1.3,0.7,0.1,0.9,2,4,7.2,0.489,0.427,0.188,2.2,12.7,7.2,10.8,2.1,0.3,18.6,13.5,-0.2,0.3,0.1,0.008,-2.9,-0.3,-3.2,-0.2,0
68,Caron Butler\butleca01,SF,27,WAS,58,58,39.9,7.6,16.3,0.466,1.1,3.2,0.357,6.4,13.1,0.492,0.501,4.1,4.5,0.901,1.6,5.1,6.7,4.9,2.2,0.3,2.6,2.8,20.3,20.7,0.558,0.196,0.278,4.6,15.4,9.8,21.9,3,0.7,12.4,24,4.8,2.4,7.2,0.15,3.7,1,4.7,3.9,0
69,Rasual Butler\butlera01,SF,28,NOH,51,8,17.2,1.8,5.1,0.35,0.9,2.6,0.331,0.9,2.5,0.37,0.435,0.5,0.6,0.839,0.3,1.6,2,0.7,0.3,0.4,0.2,1.3,4.9,8.8,0.46,0.512,0.119,2.1,11.5,6.7,5.9,0.9,1.9,3.5,15.1,0.3,0.8,1.2,0.063,-1.9,-0.3,-2.2,0,0
70,Andrew Bynum\bynuman01,C,20,LAL,35,25,28.8,5.4,8.5,0.636,0,0,,5.4,8.5,0.636,0.636,2.3,3.4,0.695,3,7.2,10.2,1.7,0.3,2.1,1.5,2.8,13.1,22.6,0.659,0,0.397,12.1,26.6,19.6,9.6,0.6,5.1,13,17.5,3,1.8,4.8,0.23,1.7,2.7,4.5,1.6,0
71,JosÇ Calder¢n\caldejo01,PG,26,TOR,82,56,30.3,4.5,8.6,0.519,1,2.2,0.429,3.5,6.4,0.551,0.575,1.3,1.5,0.908,0.4,2.5,2.9,8.3,1.1,0.1,1.5,1.6,11.2,20.5,0.607,0.26,0.17,1.6,9.7,5.6,42.3,1.9,0.2,14.2,16.8,8.1,2.2,10.2,0.197,4,-1.5,2.6,2.9,1
72,Marcus Camby\cambyma01,C,33,DEN,79,79,34.9,3.6,8,0.45,0.1,0.3,0.3,3.5,7.8,0.455,0.455,1.8,2.6,0.708,2.9,10.2,13.1,3.3,1.1,3.6,1.5,2.7,9.1,17.2,0.498,0.031,0.318,9.2,31.1,20.3,12.9,1.5,7.3,14,13,2.6,5.9,8.5,0.148,-1.8,6.6,4.8,4.7,0
73,Brian Cardinal\cardibr01,PF,30,MEM,37,1,11.9,1.2,3.4,0.341,0.7,2.2,0.309,0.5,1.2,0.4,0.44,0.4,0.5,0.684,0.7,1.9,2.6,0.6,0.3,0.1,0.6,1.7,3.4,7.3,0.461,0.643,0.151,6.6,18,12.2,7.4,1.1,0.3,14.6,15.9,-0.2,0.2,0,0.003,-2.4,-1.8,-4.3,-0.3,0
74,Rodney Carney\carnero01,SF,23,PHI,70,6,14.8,2.3,5.6,0.403,0.5,1.7,0.317,1.7,3.9,0.441,0.452,0.8,1.2,0.679,0.7,1.4,2.1,0.5,0.6,0.3,0.5,1.4,5.8,12.1,0.478,0.306,0.207,5.7,11.4,8.5,5,2,1.8,7.4,20,0.4,1.2,1.6,0.075,-1.7,-1,-2.6,-0.2,0
75,Matt Carroll\carroma01,SG,27,CHA,80,18,25.2,3.2,7.4,0.428,1.3,3,0.436,1.8,4.4,0.422,0.517,1.4,1.7,0.804,0.4,2.4,2.8,0.9,0.6,0.2,0.7,2.3,9,10.7,0.554,0.409,0.234,1.9,11.1,6.4,5.8,1.2,0.7,8.2,16.1,1.9,1,3,0.071,-0.7,-1.5,-2.2,-0.1,0
76,Anthony Carter\cartean01,PG,32,DEN,70,67,28,3.1,6.8,0.458,0.6,1.8,0.349,2.5,5,0.499,0.505,0.9,1.2,0.753,0.4,2.5,2.9,5.5,1.5,0.4,1.8,2.5,7.8,12.8,0.531,0.271,0.179,1.5,9.4,5.5,27.4,2.6,1,19.5,13.8,1.6,2.2,3.8,0.092,-0.7,0.1,-0.6,0.7,0
77,Vince Carter\cartevi01,SG,31,NJN,76,72,38.9,7.7,16.9,0.456,1.3,3.6,0.359,6.4,13.3,0.482,0.494,4.6,5.6,0.816,1.5,4.5,6,5.1,1.2,0.4,2.4,3.2,21.3,18.8,0.55,0.212,0.333,4.4,13.4,8.9,25.2,1.6,0.9,10.9,25.6,5.5,2.2,7.7,0.126,3.3,-0.3,3,3.8,0
79,Tyson Chandler\chandty01,C,25,NOH,79,79,35.2,4.8,7.7,0.623,0,0,0,4.8,7.6,0.624,0.623,2.2,3.7,0.593,4.1,7.7,11.7,1,0.6,1.1,1.7,3.1,11.8,17.5,0.632,0.002,0.488,13.2,26.1,19.5,4.4,0.9,2.4,15.6,14.5,5.9,4.1,10,0.172,0.5,1.9,2.4,3.1,0
80,Wilson Chandler\chandwi01,SF,20,NYK,35,16,19.6,3,6.9,0.438,0.3,0.9,0.3,2.8,6.1,0.458,0.457,1,1.5,0.63,1.1,2.5,3.6,0.9,0.4,0.5,0.8,2.4,7.3,11.7,0.48,0.124,0.223,6.1,15.3,10.6,8.1,1.1,1.8,9.2,19.2,0.2,0.4,0.5,0.038,-2.6,-0.9,-3.5,-0.3,0
81,Josh Childress\childjo01,SF,24,ATL,76,0,29.9,4.3,7.5,0.571,0.3,0.8,0.367,4,6.8,0.595,0.59,2.9,3.6,0.807,2.3,2.6,4.9,1.5,0.9,0.6,1.3,1.7,11.8,17.8,0.647,0.105,0.48,9,10.2,9.6,8.5,1.6,1.4,12.4,15.8,6,1.5,7.6,0.16,2.5,0,2.4,2.5,0
82,Jarron Collins\collija03,C,29,UTA,70,9,10,0.5,1.2,0.439,0,0,0,0.5,1.2,0.444,0.439,0.7,1.1,0.622,0.6,1.1,1.7,0.5,0.1,0.1,0.3,1.5,1.7,6.1,0.515,0.012,0.902,7,13.1,10.1,6.8,0.7,0.7,16.1,8.7,0.5,0.5,1,0.07,-2.3,0.1,-2.2,0,0
84,Mardy Collins\collima01,SG,23,NYK,46,8,13.8,1.2,3.8,0.326,0.2,0.7,0.25,1.1,3.1,0.343,0.349,0.5,0.8,0.605,0.4,1.2,1.6,1.9,0.5,0.2,1.2,1.2,3.2,5.9,0.378,0.183,0.217,3.3,10.4,6.7,21.4,2,1,22.6,17.5,-1.4,0.3,-1,-0.079,-5.7,-0.5,-6.2,-0.7,0
85,Nick Collison\collini01,PF,27,SEA,78,35,28.5,4.1,8.2,0.502,0,0,0,4.1,8.2,0.504,0.502,1.6,2.1,0.737,3.3,6.1,9.4,1.4,0.6,0.8,1.5,3.2,9.8,15,0.537,0.003,0.261,12.5,23.3,17.9,7.9,1.1,1.9,14.2,16.2,2.2,2.3,4.5,0.098,-0.9,1.5,0.6,1.4,0
86,Mike Conley\conlemi01,PG,20,MEM,53,46,26.1,3.6,8.3,0.428,0.6,1.7,0.33,3,6.6,0.453,0.462,1.7,2.3,0.732,0.4,2.2,2.6,4.2,0.8,0,1.7,1.6,9.4,12.6,0.502,0.206,0.278,1.7,9.7,5.6,25.3,1.6,0.1,15.2,18.8,0.6,0.5,1.1,0.038,-1.1,-1.8,-3,-0.3,0
88,Daequan Cook\cookda02,SG,20,MIA,59,19,24.4,3.3,8.7,0.381,1.3,4,0.332,2,4.7,0.424,0.458,0.8,1,0.825,0.3,2.7,3,1.3,0.4,0.2,1.1,2.7,8.8,7.9,0.48,0.463,0.111,1.6,13.3,7.4,9.1,0.8,0.5,10.5,19.8,-1,0.6,-0.4,-0.013,-2.8,-2.3,-5.1,-1.1,0
89,Jamal Crawford\crawfja01,SG,27,NYK,80,80,39.9,7.1,17.4,0.41,2.2,6.2,0.356,4.9,11.2,0.439,0.473,4.1,4.8,0.864,0.5,2.1,2.6,5,1,0.2,2.4,1.8,20.6,16,0.528,0.355,0.274,1.3,6.3,3.7,22,1.3,0.4,11,24.6,4.6,0.4,5,0.076,2.5,-2.7,-0.2,1.5,0
91,Austin Croshere\croshau01,PF,32,GSW,44,0,10.4,1.4,3.1,0.445,0.5,1.4,0.361,0.9,1.7,0.513,0.526,0.7,0.7,0.906,0.8,1.6,2.4,0.7,0.2,0.1,0.5,1.4,3.9,13.2,0.573,0.445,0.234,7.4,17.3,12.2,9,0.9,1,12.7,16,0.8,0.3,1.1,0.112,-0.1,-1.6,-1.7,0,0
92,Eddy Curry\curryed01,C,25,NYK,59,58,25.9,5,9.2,0.546,0,0,,5,9.2,0.546,0.546,3.2,5.1,0.623,1.9,2.8,4.7,0.5,0.2,0.5,2.1,2.7,13.2,15,0.578,0,0.551,8,12.6,10.2,3.8,0.5,1.5,15.7,23.5,1.3,0.4,1.7,0.053,-1.9,-2.6,-4.5,-1,0
93,Samuel Dalembert\dalemsa01,C,26,PHI,82,82,33.2,4.1,8.1,0.513,0,0,0,4.1,8,0.514,0.513,2.3,3.2,0.707,3.7,6.6,10.4,0.5,0.5,2.3,1.9,3.3,10.5,15.6,0.556,0.002,0.398,13.1,24,18.5,2.5,0.8,5.6,16.6,15.4,2.6,4.3,6.9,0.121,-2.1,2.2,0.1,1.5,0
94,Erick Dampier\dampier01,C,32,DAL,72,64,24.4,2.5,3.8,0.643,0,0,,2.5,3.8,0.643,0.643,1.2,2,0.575,2.9,4.6,7.5,0.9,0.3,1.5,1.1,3.1,6.1,15.3,0.645,0,0.527,14.1,21.2,17.8,5.4,0.7,4.4,19,11.2,3.3,2.8,6,0.165,0.4,3.1,3.4,2.4,0
95,Antonio Daniels\daniean01,PG,32,WAS,71,63,30.4,2.9,6.3,0.459,0.2,1,0.23,2.6,5.3,0.504,0.478,2.4,3.1,0.776,0.3,2.5,2.9,4.8,1,0,1.3,1.1,8.4,13.7,0.549,0.166,0.49,1.2,10,5.5,24,1.7,0.1,14.3,13.5,3.5,1,4.5,0.099,0,-1.2,-1.2,0.4,0
96,Marquis Daniels\daniema01,SG,27,IND,74,1,20.9,3.3,7.6,0.43,0.4,1.4,0.265,2.9,6.2,0.466,0.454,1.3,1.9,0.698,0.9,2,2.9,1.9,1.1,0.2,1.5,1.6,8.2,11.6,0.487,0.182,0.248,4.6,10.5,7.5,14.1,2.5,0.9,15.3,20.6,-0.7,1.6,0.9,0.028,-2.7,0.2,-2.5,-0.2,0
97,Jermareo Davidson\davidje01,SF,23,CHA,38,2,8.5,1.3,3.3,0.408,0,0,,1.3,3.3,0.408,0.408,0.5,0.7,0.643,0.6,1.1,1.6,0.3,0.2,0.4,0.4,1.2,3.2,9.8,0.437,0,0.224,7.5,14.7,11.1,6.9,1.1,3.5,11,21.9,-0.4,0.3,-0.1,-0.012,-6,-0.9,-7,-0.4,0
98,Baron Davis\davisba01,PG,28,GSW,82,82,39,7.9,18.6,0.426,2.1,6.4,0.33,5.8,12.2,0.477,0.483,3.9,5.2,0.75,1.2,3.5,4.7,7.6,2.3,0.5,2.8,3,21.8,19.8,0.523,0.344,0.278,3.1,10.1,6.4,29.7,2.9,1,11.9,25.6,5.9,2.8,8.7,0.131,3.7,-0.1,3.6,4.5,0
99,Glen Davis\davisgl01,C,22,BOS,69,1,13.6,1.6,3.2,0.484,0,0,,1.6,3.2,0.484,0.484,1.4,2.2,0.66,1.4,1.6,3,0.4,0.4,0.3,0.9,2.3,4.5,11.3,0.545,0,0.679,12.8,13.5,13.2,4.6,1.7,1.7,18.5,17.4,0.6,1.9,2.5,0.128,-2.7,1.1,-1.6,0.1,0
100,Paul Davis\davispa01,PF,23,LAC,22,1,8.8,1.1,3,0.369,0,0,,1.1,3,0.369,0.369,0.3,0.5,0.6,1.1,1,2.1,0.5,0.3,0.3,0.4,1.5,2.5,9,0.389,0,0.154,14.8,13.2,14,8.8,1.6,2.3,11.5,18.6,-0.2,0.2,0,-0.007,-4.5,0.1,-4.4,-0.1,0
101,Ricky Davis\davisri01,SF,28,MIA,82,47,36.1,5.1,11.8,0.433,1.6,4.1,0.405,3.5,7.8,0.447,0.502,1.9,2.4,0.787,0.7,3.6,4.3,3.4,1.1,0.2,2.3,2.3,13.8,12,0.534,0.343,0.203,2.2,12.2,7.1,16.4,1.6,0.4,15.3,20,0.3,1.6,1.9,0.03,-0.6,-0.6,-1.2,0.6,0
102,Carlos Delfino\delfica01,SG,25,TOR,82,0,23.5,3.1,7.7,0.397,1.5,3.8,0.382,1.6,3.9,0.412,0.492,1.4,1.9,0.744,0.8,3.6,4.4,1.8,0.8,0.1,0.9,2.2,9,13.6,0.527,0.497,0.247,4,18.1,11,11.3,1.9,0.5,9.7,19,1.7,2.3,4,0.1,0.9,0.4,1.3,1.6,0
103,Luol Deng\denglu01,SF,22,CHI,63,59,33.8,6.8,14.2,0.479,0.1,0.3,0.364,6.7,13.9,0.482,0.483,3.2,4.2,0.77,2.2,4.1,6.3,2.5,0.9,0.5,1.9,1.9,17,17,0.528,0.025,0.296,7,14.2,10.4,13.2,1.4,1.1,10.6,23.6,2.4,1.9,4.4,0.098,0.2,-0.1,0.1,1.1,0
104,Boris Diaw\diawbo01,PF,25,PHO,82,19,28.1,3.8,7.9,0.477,0.2,0.5,0.317,3.6,7.4,0.488,0.487,1.2,1.6,0.744,1.2,3.4,4.6,3.9,0.7,0.5,1.9,2,8.8,12,0.516,0.063,0.2,5.2,12.7,9.3,19,1.3,1.1,18.1,16.6,1.1,1.9,3,0.063,-1.3,0.9,-0.4,1,0
105,Yakhouba Diawara\diawaya01,SG,25,DEN,54,14,10,1,2.5,0.41,0.4,1.2,0.318,0.6,1.3,0.5,0.489,0.4,0.6,0.71,0.4,0.7,1.1,0.7,0.1,0.1,0.3,1.1,2.8,8.1,0.518,0.493,0.231,4.7,7.6,6.2,9.3,0.7,0.4,9.8,12.8,0.5,0.3,0.7,0.065,-1.3,-2.1,-3.4,-0.2,0
106,Guillermo D°az\diazgu01,SG,22,LAC,6,0,3,0.2,0.7,0.25,0,0.2,0,0.2,0.5,0.333,0.25,0.5,0.8,0.6,0.3,0,0.3,0.2,0,0,0,0,0.8,9.9,0.403,0.25,1.25,12.7,0,6.4,8.5,0,0,0,15.9,0,0,0,0.033,-1.7,-4.3,-5.9,0,0
107,Dan Dickau\dickada01,PG,29,LAC,67,8,15.5,1.9,4.4,0.419,0.5,1.6,0.333,1.3,2.8,0.468,0.48,1,1.2,0.829,0.2,1.3,1.4,2.6,0.5,0,0.8,1.6,5.3,12.5,0.53,0.365,0.277,1.4,9.4,5.4,27.9,1.6,0.2,14.2,17.2,0.9,0.6,1.5,0.071,-0.6,-2.3,-2.9,-0.2,0
108,Kaniel Dickens\dickeka01,PF,29,CLE,5,0,2.4,0.2,0.6,0.333,0,0,,0.2,0.6,0.333,0.333,0,0,,0,0.2,0.2,0.2,0,0.2,0,0.2,0.4,6.6,0.333,0,0,0,9.8,4.7,12.7,0,6.6,0,11.3,0,0,0,0.023,-7.6,1,-6.6,0,0
109,Travis Diener\dienetr01,PG,25,IND,66,21,20.5,2.4,6.5,0.37,1.1,3.5,0.318,1.3,3,0.431,0.456,1,1.1,0.901,0.4,1.3,1.7,3.8,0.5,0.1,0.8,1.6,6.9,12.2,0.494,0.542,0.165,2,7.3,4.6,27.7,1.3,0.2,10.7,16.5,1.7,0.8,2.5,0.088,0.2,-2.7,-2.5,-0.2,0
110,Ike Diogu\dioguik01,PF,24,IND,30,1,10.2,2.1,4.5,0.478,0,0,,2.1,4.5,0.478,0.478,1.3,1.6,0.851,1.3,1.6,2.8,0.3,0.2,0.1,0.7,1.4,5.6,17.2,0.543,0,0.351,13.3,17.1,15.2,5.7,1.1,0.7,11.4,24.8,0.4,0.3,0.7,0.115,-2.1,-3,-5,-0.2,0
113,Michael Doleac\doleami01,C,30,MIN,24,8,10.7,1.2,2.6,0.444,0,0,,1.2,2.6,0.444,0.444,0,0.1,0.5,0.7,1.4,2,0.3,0.4,0.4,0.5,1.8,2.4,7.5,0.446,0,0.032,7,15.4,11.1,4.1,2,3.1,15.8,13.3,-0.2,0.2,0,0.005,-5.2,1.1,-4.1,-0.1,0
114,Keyon Dooling\doolike01,PG,27,ORL,72,1,18.5,2.8,5.9,0.468,0.3,0.9,0.338,2.4,5,0.492,0.494,2.3,2.7,0.845,0.1,1.3,1.4,1.8,0.5,0.1,0.8,1.8,8.1,14.1,0.572,0.154,0.456,0.6,7.8,4.4,16,1.4,0.3,10.7,19.6,2.4,1.2,3.7,0.132,-0.5,-1.3,-1.8,0.1,0
115,Quincy Douby\doubyqu01,PG,23,SAC,74,0,11.8,1.8,4.5,0.394,0.6,1.6,0.344,1.2,2.9,0.423,0.457,0.6,0.7,0.923,0.2,0.9,1.1,0.7,0.4,0.2,0.8,1.1,4.8,9.7,0.495,0.364,0.155,2.3,8.7,5.6,9.8,1.7,1.1,14.2,21.3,-0.5,0.5,0,0,-2.8,-2.6,-5.4,-0.8,0
116,Jared Dudley\dudleja01,PF,22,CHA,73,14,19,2.2,4.8,0.468,0.1,0.6,0.22,2.1,4.2,0.502,0.481,1.2,1.6,0.737,1.7,2.3,3.9,1.1,0.8,0.1,0.7,1.8,5.8,13.6,0.528,0.118,0.339,10,13.8,11.9,9.3,2.1,0.5,11.1,14.9,1.8,1.1,2.9,0.1,-0.5,0.2,-0.3,0.6,0
117,Chris Duhon\duhonch01,PG,25,CHI,66,18,22.6,2,5.2,0.387,0.8,2.3,0.348,1.2,2.9,0.418,0.465,1,1.2,0.813,0.3,1.5,1.8,4,0.7,0,1.1,1.4,5.8,11.1,0.508,0.451,0.233,1.4,7.6,4.4,26.5,1.7,0.1,15.8,13.4,1.3,1,2.3,0.075,-0.9,-1.9,-2.9,-0.3,0
118,Tim Duncan\duncati01,C,31,SAS,78,78,34,7.5,15.1,0.497,0,0.1,0,7.5,15.1,0.498,0.497,4.3,5.9,0.73,3,8.3,11.3,2.8,0.7,1.9,2.3,2.4,19.3,24.4,0.546,0.003,0.393,10.7,28.3,19.6,15.7,1.1,4.3,11.4,28.2,4.9,6.2,11.1,0.201,0.7,4.1,4.7,4.5,0
119,Mike Dunleavy\dunlemi02,SG,27,IND,82,82,36,6.5,13.6,0.476,2,4.7,0.424,4.5,8.9,0.504,0.55,4.1,4.9,0.834,0.7,4.5,5.2,3.5,1,0.4,2.3,2.5,19.1,17.3,0.605,0.348,0.361,2.1,13.7,7.8,16.1,1.4,0.8,12.8,21.8,5.9,2.6,8.5,0.138,2.5,-0.4,2.1,3.1,1
121,Kevin Durant\duranke01,SG,19,SEA,80,80,34.6,7.3,17.1,0.43,0.7,2.6,0.288,6.6,14.5,0.455,0.451,4.9,5.6,0.873,0.9,3.5,4.4,2.4,1,0.9,2.9,1.5,20.3,15.8,0.519,0.15,0.328,2.8,10.9,6.9,12,1.4,1.9,12.9,28.1,0.4,1.9,2.3,0.04,-0.6,-0.7,-1.4,0.4,0
122,Monta Ellis\ellismo01,SG,22,GSW,81,72,37.9,8,15.1,0.531,0.1,0.6,0.231,7.9,14.5,0.545,0.536,4,5.1,0.767,1.6,3.3,5,3.9,1.5,0.3,2.1,2.4,20.2,19,0.58,0.042,0.34,4.5,9.8,7,15.8,2,0.6,10.9,21.7,7.1,1.8,9,0.14,2.1,-0.4,1.7,2.9,0
124,Melvin Ely\elyme01,C,29,NOH,52,1,11.9,1.6,3.5,0.472,0,0,,1.6,3.5,0.472,0.472,0.6,1.1,0.552,0.5,2.3,2.8,0.4,0.1,0.3,0.8,1.5,3.9,9,0.491,0,0.322,5.1,22.6,13.6,5.4,0.6,2.3,17,18.5,-0.5,0.8,0.3,0.022,-6.2,0.1,-6,-0.6,0
126,Reggie Evans\evansre01,PF,27,PHI,81,61,23.2,1.9,4.3,0.439,0,0,1,1.9,4.3,0.438,0.441,1.5,3.2,0.467,2.8,4.8,7.5,0.8,1.1,0.1,1.3,2.6,5.2,11,0.463,0.003,0.743,14,24.7,19.3,5,2.4,0.3,19,13.6,-0.3,3,2.7,0.068,-2.9,1.4,-1.5,0.2,0
127,Jordan Farmar\farmajo01,PG,21,LAL,82,0,20.6,3.5,7.7,0.461,1.4,3.7,0.371,2.2,4,0.546,0.552,0.6,1,0.679,0.5,1.8,2.2,2.7,0.9,0.1,1.3,1.3,9.1,15.4,0.563,0.487,0.124,2.7,9.1,6,20.5,2.3,0.2,14,20.2,2.1,1.8,3.9,0.111,1.9,-1.2,0.7,1.2,0
129,Raymond Felton\feltora01,PG,23,CHA,79,79,37.6,5.2,12.6,0.413,0.7,2.5,0.28,4.5,10.1,0.447,0.441,3.3,4.1,0.8,0.5,2.5,3,7.4,1.2,0.2,2.7,2.3,14.4,13.8,0.5,0.201,0.326,1.4,7.7,4.6,32.4,1.7,0.3,15.7,20.8,2,1.4,3.4,0.054,-0.2,-1.9,-2.1,-0.1,0
130,Kyrylo Fesenko\fesenky01,C,21,UTA,9,0,7.8,0.7,1.8,0.375,0,0,,0.7,1.8,0.375,0.375,0.2,0.4,0.5,1.6,1.2,2.8,0.2,0,0.3,0.9,2.1,1.6,4,0.394,0,0.25,24.6,19,21.8,3.8,0,3.5,31.1,16.5,-0.1,0.1,0,-0.031,-5.3,-0.7,-6,-0.1,0
131,Michael Finley\finlemi01,SG,34,SAS,82,61,26.9,3.8,9.3,0.414,1.6,4.4,0.37,2.2,4.9,0.453,0.501,0.8,1,0.8,0.3,2.8,3.1,1.4,0.4,0.1,0.7,1.1,10.1,11.4,0.519,0.469,0.105,1.5,12,6.8,8.6,0.7,0.3,6.6,18.5,1.3,2.9,4.2,0.091,-0.6,-0.4,-1,0.5,0
132,Derek Fisher\fishede01,PG,33,LAL,82,82,27.4,4.1,9.5,0.436,1.4,3.4,0.406,2.8,6.1,0.453,0.508,2,2.3,0.883,0.3,1.8,2.1,2.9,1,0,1.1,2.3,11.7,13.8,0.556,0.355,0.242,1.2,6.9,4.2,15.9,1.9,0.1,9.5,18.6,3.7,2,5.7,0.121,1.1,-1.5,-0.3,1,0
133,T.J. Ford\fordtj01,PG,24,TOR,51,26,23.5,4.8,10.3,0.469,0.3,1,0.294,4.5,9.3,0.488,0.484,2.2,2.5,0.88,0.5,1.5,2,6.1,1.1,0,2,1.8,12.1,20.3,0.533,0.097,0.239,2.3,7.7,4.9,44.4,2.4,0,15,26.8,2.1,1.1,3.3,0.13,2.7,-1.7,0.9,0.9,0
134,Jeff Foster\fosteje01,C,31,IND,77,52,24.5,2.7,4.8,0.55,0,0,0,2.7,4.8,0.554,0.55,1.1,1.9,0.593,3.4,5.2,8.7,1.7,0.7,0.4,0.8,2.9,6.4,15.7,0.568,0.008,0.389,14.9,23.8,19.3,10.1,1.5,1.3,12.4,11.5,4,2.4,6.5,0.165,0.3,2.2,2.5,2.1,0
135,Randy Foye\foyera01,PG,24,MIN,39,31,32.3,5.1,11.8,0.429,1.6,3.8,0.412,3.5,8.1,0.436,0.495,1.4,1.7,0.815,0.3,2.9,3.3,4.2,0.9,0.1,2,2.6,13.1,12.7,0.52,0.32,0.141,1.2,10.9,5.9,20.9,1.5,0.2,13.9,20.4,0.7,0.4,1.1,0.042,0.2,-1.7,-1.4,0.2,0
136,Adonal Foyle\foylead01,C,32,ORL,82,0,9.4,0.9,1.9,0.458,0,0,,0.9,1.9,0.458,0.458,0.2,0.4,0.471,0.9,1.7,2.5,0.2,0.2,0.5,0.4,1.1,1.9,9.9,0.464,0,0.222,11,19.6,15.5,3.4,1.1,4.2,16,11.8,0,1.3,1.3,0.08,-4.4,2.4,-2,0,0
137,Richie Frahm\frahmri01,SG,30,LAC,10,2,16.3,2,5.4,0.37,0.7,2.5,0.28,1.3,2.9,0.448,0.435,0,0.2,0,0.4,1,1.4,0.8,0.2,0,0.6,0.7,4.7,5.5,0.428,0.463,0.037,2.8,7.1,5,8.3,0.6,0,9.9,17.2,-0.2,0,-0.2,-0.054,-4,-3.1,-7.1,-0.2,0
138,Steve Francis\francst01,PG,30,HOU,10,3,19.9,1.9,5.7,0.333,0.4,1.7,0.235,1.5,4,0.375,0.368,1.3,2.3,0.565,0.8,1.5,2.3,3,0.9,0.5,1.4,2.5,5.5,9.1,0.41,0.298,0.404,4.6,8.4,6.5,22.7,2.4,1.8,17.3,18.6,-0.2,0.3,0.2,0.039,-3.5,1.5,-2,0,0
139,Channing Frye\fryech01,C,24,POR,78,20,17.2,2.8,5.8,0.488,0,0.1,0.3,2.8,5.7,0.492,0.491,1.1,1.4,0.78,1.4,3.2,4.5,0.7,0.4,0.3,0.7,2.7,6.8,14.8,0.529,0.022,0.241,9.4,21.6,15.5,7.4,1.2,1.6,9.9,19.6,1.6,1.6,3.2,0.114,-1.6,0.2,-1.4,0.2,0
140,Dan Gadzuric\gadzuda01,C,29,MIL,51,4,10.5,1.3,3,0.416,0,0,0,1.3,3,0.418,0.416,0.6,1.2,0.524,1.3,1.5,2.8,0.2,0.4,0.5,0.7,1.6,3.2,10.7,0.443,0.006,0.409,14.2,17.7,15.9,3.2,2,3.5,15.8,18.2,-0.4,0.4,0.1,0.006,-4.9,-0.7,-5.6,-0.5,0
141,Jorge Garbajosa\garbajo01,PF,30,TOR,7,0,10.6,1.1,3.6,0.32,0.9,2.3,0.375,0.3,1.3,0.222,0.44,0,0,,0.3,1.9,2.1,0.4,0.4,0,0.1,0.3,3.1,10.4,0.44,0.64,0,3.2,20.9,12,5.9,2.2,0,3.8,16.6,0,0.1,0.1,0.047,-1.9,-0.8,-2.7,0,0
142,Francisco Garc°a\garcifr01,SF,26,SAC,79,20,26.5,4.4,9.5,0.463,1.4,3.7,0.391,3,5.9,0.508,0.538,2.1,2.6,0.779,0.7,2.7,3.3,1.6,1.2,0.6,1.6,2.9,12.3,15.1,0.576,0.384,0.277,3,11.7,7.4,10.2,2.3,1.8,13.2,20.7,2.4,1.8,4.2,0.097,1.1,-0.5,0.6,1.4,0
143,Thomas Gardner\gardnth01,SG,22,CHI,4,0,11.3,2.3,5.8,0.391,0.8,3,0.25,1.5,2.8,0.545,0.457,0,0.5,0,0.8,0.3,1,0.3,0,0,1,1,5.3,4.4,0.44,0.522,0.087,7.3,2.6,5,4,0,0,14.3,27.4,-0.1,0,-0.1,-0.128,-4.1,-6.6,-10.7,-0.1,0
144,Kevin Garnett\garneke01,PF,31,BOS,71,71,32.8,7.5,13.9,0.539,0,0.2,0,7.5,13.8,0.545,0.539,3.8,4.7,0.801,1.9,7.3,9.2,3.4,1.4,1.3,1.9,2.3,18.8,25.3,0.588,0.011,0.339,7.3,25.1,16.8,19.9,2.3,3.1,10.8,25.5,6.6,6.2,12.9,0.265,2.7,4.7,7.4,5.5,0
145,Pat Garrity\garripa01,PF,31,ORL,31,0,9.2,0.9,2.6,0.338,0.3,1.2,0.216,0.6,1.4,0.442,0.388,0.1,0.2,0.8,0.3,1.1,1.4,0.4,0.2,0,0.5,1.1,2.1,3.2,0.401,0.463,0.063,3.8,13.6,8.9,6.8,1.1,0.3,17.1,16,-0.5,0.3,-0.2,-0.038,-5.4,-0.6,-6,-0.3,0
147,Rudy Gay\gayru01,SF,21,MEM,81,81,37,7.7,16.7,0.461,1.7,4.8,0.346,6.1,12,0.507,0.511,3.1,3.9,0.785,1.7,4.4,6.2,2,1.4,1,2.3,2.8,20.1,17.4,0.546,0.286,0.233,5.2,13.5,9.3,9.3,1.9,1.9,11.3,25,2.9,2.1,5,0.08,1.3,-0.5,0.8,2.1,1
148,Mickaâl Gelabale\gelabmi01,SG,24,SEA,39,0,11.9,1.8,4,0.439,0.4,0.9,0.432,1.4,3.1,0.442,0.49,0.4,0.5,0.778,0.4,1.1,1.5,0.8,0.3,0.2,0.7,0.8,4.3,10.5,0.509,0.236,0.115,3.8,9.8,6.8,11.1,1.1,1.4,14.1,17.9,0,0.2,0.2,0.021,-2.6,-1,-3.6,-0.2,0
149,Devean George\georgde01,SF,30,DAL,53,4,15.5,1.4,3.9,0.357,0.4,1.3,0.324,1,2.6,0.374,0.411,0.5,0.6,0.706,0.5,2.1,2.6,0.7,0.4,0.2,0.5,1.7,3.7,7,0.437,0.329,0.164,4.1,14.9,9.6,6.3,1.2,1.2,9.8,14,-0.3,1,0.7,0.039,-3.2,0.3,-2.9,-0.2,0
150,Daniel Gibson\gibsoda01,PG,21,CLE,58,26,30.4,3.5,8,0.432,2,4.6,0.44,1.4,3.4,0.421,0.559,1.5,1.8,0.81,0.5,1.8,2.3,2.5,0.8,0.2,1.3,2.8,10.4,11.7,0.592,0.576,0.226,1.9,6.9,4.3,13.1,1.4,0.6,12.9,15.1,2.7,1.4,4.1,0.111,1,-1.1,0,0.9,0
152,Manu Gin¢bili\ginobma01,SG,30,SAS,74,23,31.1,6.1,13.3,0.46,2.1,5.3,0.401,4,8,0.499,0.54,5.1,6,0.86,0.9,3.9,4.8,4.5,1.5,0.4,2.7,2.3,19.5,24.3,0.612,0.395,0.449,3.3,14.7,9.1,26.4,2.6,1.1,14.5,28.7,6.6,4.5,11.1,0.232,6.1,1.9,8.1,5.9,0
154,Ryan Gomes\gomesry01,PF,25,MIN,82,74,29.7,4.8,10.5,0.457,0.7,2.2,0.33,4.1,8.3,0.491,0.492,2.3,2.8,0.83,1.6,4.2,5.8,1.8,0.8,0.1,1.2,1.9,12.6,15.7,0.539,0.209,0.267,6.1,16.8,11.3,9.6,1.4,0.3,9.1,19.5,3.6,1.2,4.8,0.096,0.7,-1,-0.3,1.1,0
156,Ben Gordon\gordobe01,SG,24,CHI,72,27,31.8,6.4,14.8,0.434,2,4.8,0.41,4.5,10,0.445,0.5,3.7,4.1,0.908,0.6,2.5,3.1,3,0.8,0.1,2.1,2.4,18.6,16.4,0.558,0.324,0.274,1.9,9.2,5.4,16.9,1.2,0.3,11.1,26,3.6,1.4,5.1,0.106,2.4,-2.5,-0.1,1.1,0
157,Marcin Gortat\gortama01,C,23,ORL,6,0,6.8,1.3,2.8,0.471,0,0,,1.3,2.8,0.471,0.471,0.3,0.5,0.667,1.3,1.3,2.7,0.3,0.2,0.2,0.3,0.7,3,19.8,0.491,0,0.176,23.5,21.6,22.5,8.4,1.3,1.8,9.8,22.7,0.1,0.1,0.1,0.158,-0.3,-0.6,-0.8,0,0
158,Joey Graham\grahajo01,SF,25,TOR,38,3,8.7,1.3,3,0.434,0.1,0.1,0.667,1.2,2.9,0.427,0.442,1,1.2,0.844,0.5,1.3,1.8,0.4,0.1,0,0.6,1.2,3.6,10.3,0.52,0.027,0.398,6.4,17.7,12,7,0.5,0,14.8,22.2,0,0.3,0.3,0.04,-4.3,-2.3,-6.6,-0.4,0
159,Stephen Graham\grahast01,SF,25,IND,22,0,5.8,1.5,2.6,0.586,0.3,0.6,0.5,1.2,2,0.614,0.647,0.5,0.7,0.75,0.2,0.8,1,0.4,0.2,0,0.5,0.6,4,21.9,0.669,0.241,0.276,3.3,15.6,9.3,13.5,1.5,0.6,13.3,25.4,0.3,0.1,0.4,0.167,2,-2.4,-0.4,0.1,0
160,Danny Granger\grangda01,SF,24,IND,80,80,36,6.7,15.1,0.446,2.1,5.3,0.404,4.6,9.8,0.468,0.517,4,4.7,0.852,1.2,4.9,6.1,2.1,1.2,1.1,2.1,3.6,19.6,16.7,0.571,0.351,0.314,3.4,15.2,9.2,9.6,1.6,2.2,11.1,23.2,4.1,3.2,7.3,0.122,1.3,0.2,1.4,2.5,0
161,Aaron Gray\grayaa01,C,23,CHI,61,1,10,1.7,3.3,0.505,0,0,0,1.7,3.3,0.507,0.505,0.9,1.6,0.566,1.1,1.6,2.8,0.7,0.3,0.3,0.9,1.9,4.3,13.9,0.529,0.005,0.485,12.5,18.7,15.5,11.4,1.8,2,18.7,22,0.1,0.8,0.8,0.066,-2.4,0.4,-2,0,0
163,Jeff Green\greenje02,SF,21,SEA,80,52,28.2,4,9.4,0.427,0.3,1,0.276,3.7,8.4,0.444,0.441,2.2,3,0.744,1.3,3.5,4.7,1.5,0.6,0.6,2,2.5,10.5,9.8,0.491,0.101,0.318,4.9,13.4,9.2,8.2,1,1.6,15.6,19.4,-1.3,1.5,0.2,0.003,-3.3,0.1,-3.2,-0.7,0
165,Willie Green\greenwi01,SG,26,PHI,74,74,26.6,5.1,11.8,0.436,0.7,2.4,0.285,4.4,9.3,0.475,0.465,1.5,2,0.757,0.4,2,2.5,2,0.7,0.3,1.5,1.6,12.4,12.8,0.492,0.206,0.17,1.9,9.1,5.5,13.2,1.5,0.9,10.4,23.9,0.4,1.6,2.1,0.05,-1.3,-1.5,-2.8,-0.4,0
166,Orien Greene\greenor01,SG,25,SAC,7,2,8.7,0.4,1.6,0.273,0,0.1,0,0.4,1.4,0.3,0.273,0,0,,0,0.9,0.9,0.4,0.4,0.1,1,1.3,0.9,-3.3,0.273,0.091,0,0,11.4,5.8,6.8,2.5,1.3,38.9,13.2,-0.3,0.1,-0.2,-0.18,-10.8,1,-9.8,-0.1,0
168,Richard Hamilton\hamilri01,SG,29,DET,72,72,33.7,6.9,14.3,0.484,0.9,2,0.44,6.1,12.3,0.492,0.515,2.6,3.1,0.833,1,2.2,3.3,4.2,1,0.1,1.8,2.4,17.3,18.2,0.552,0.137,0.215,3.7,7.9,5.8,22.3,1.7,0.3,10.5,24.5,4.8,2.9,7.7,0.152,2.9,-0.4,2.5,2.8,0
169,Anfernee Hardaway\hardaan01,SF,36,MIA,16,8,20.3,1.4,3.8,0.367,0.5,1.2,0.421,0.9,2.6,0.341,0.433,0.5,0.6,0.889,0.2,2,2.2,2.2,1.2,0.1,0.8,1.5,3.8,9,0.469,0.317,0.15,1.1,12,6.5,16.8,3.1,0.2,16.9,11.2,-0.1,0.3,0.2,0.036,-3.5,0.8,-2.7,-0.1,0
170,Matt Harpring\harprma01,SF,31,UTA,76,0,18.1,3.1,6.2,0.5,0,0.1,0.2,3.1,6.1,0.506,0.502,1.9,2.7,0.712,1.3,1.9,3.2,1.1,0.6,0.2,1.3,2.1,8.2,14.1,0.551,0.021,0.432,8.6,12.7,10.7,9,1.7,0.8,14.4,21.5,1.4,1.4,2.8,0.096,-0.8,-0.7,-1.5,0.2,0
171,Al Harrington\harrial01,C,27,GSW,81,59,27,5,11.4,0.434,1.9,5,0.375,3.1,6.4,0.482,0.517,1.8,2.3,0.774,1.3,4.1,5.4,1.6,0.9,0.2,1.1,3.3,13.6,15.6,0.547,0.442,0.206,5,16.9,10.7,8.9,1.6,0.5,8.2,21.1,3.7,1.7,5.4,0.118,1.6,-1.6,-0.1,1.1,0
172,Othella Harrington\harriot01,C,34,CHA,22,0,7.5,0.8,1.9,0.429,0,0,,0.8,1.9,0.429,0.429,0.5,0.7,0.625,0.5,1.4,1.9,0.2,0,0.2,0.5,1.5,2.1,5.8,0.469,0,0.381,7.6,21.6,14.5,3.8,0.3,1.8,18.3,16.6,-0.2,0.1,0,-0.01,-7.2,-1.8,-9,-0.3,0
174,Mike Harris\harrimi01,PF,24,HOU,17,0,9.4,1.6,3.2,0.5,0,0.1,0,1.6,3.1,0.519,0.5,0.5,0.8,0.615,1.4,1.8,3.2,0.2,0.4,0.2,0.5,0.9,3.6,17.1,0.519,0.037,0.241,17.3,21,19.2,3.2,2,1.4,13.1,19.7,0.1,0.3,0.5,0.143,-2.5,-0.3,-2.8,0,0
175,David Harrison\harrida01,C,25,IND,55,0,12.8,1.6,3.1,0.529,0,0,,1.6,3.1,0.529,0.529,0.9,1.7,0.51,0.8,1.4,2.1,0.3,0.4,1.1,1.1,3,4.2,8.6,0.539,0,0.565,6.5,11.9,9.1,3,1.4,6.3,21.5,16.7,-0.5,0.9,0.4,0.03,-5.7,2.2,-3.6,-0.3,0
176,Jason Hart\hartja01,PG,29,UTA,57,0,10.6,1,3.2,0.322,0.2,0.5,0.355,0.8,2.6,0.315,0.353,0.7,0.8,0.844,0.1,0.9,1,1.5,0.5,0.1,0.5,1.3,2.9,8,0.413,0.172,0.25,1,10,5.5,19.3,2.5,0.4,12.3,16.8,-0.2,0.7,0.4,0.033,-3.6,-0.6,-4.2,-0.3,0
177,Udonis Haslem\hasleud01,PF,27,MIA,49,48,36.8,4.8,10.3,0.467,0,0,,4.8,10.3,0.467,0.467,2.3,2.9,0.81,2.2,6.9,9,1.4,0.8,0.4,1.4,3,12,12.7,0.517,0,0.28,7,22.7,14.7,6.5,1.1,0.8,10.5,16.7,1,1.5,2.5,0.067,-2.8,0.2,-2.7,-0.3,0
179,Spencer Hawes\hawessp01,C,19,SAC,71,8,13.1,2.1,4.5,0.459,0.1,0.3,0.19,2,4.2,0.478,0.465,0.5,0.8,0.655,1,2.3,3.2,0.6,0.2,0.6,0.8,1.8,4.7,11.6,0.486,0.066,0.182,8.8,20.1,14.6,7.7,0.8,3.3,14,19.2,-0.2,0.8,0.6,0.033,-3.9,-0.5,-4.4,-0.6,0
180,Chuck Hayes\hayesch01,PF,24,HOU,79,44,19.9,1.4,2.8,0.511,0,0,0,1.4,2.8,0.518,0.511,0.1,0.3,0.458,1.7,3.7,5.4,1.2,1.1,0.5,0.8,2.7,3,11.2,0.512,0.014,0.109,9.6,20.8,15.3,8.4,2.9,2,21.1,8.5,0.8,3.7,4.4,0.136,-2.5,5.4,2.8,1.9,0
181,Jarvis Hayes\hayesja01,SF,26,DET,82,1,15.7,2.6,6.1,0.431,0.9,2.4,0.376,1.8,3.8,0.465,0.503,0.5,0.7,0.75,0.4,1.7,2.2,0.8,0.6,0.1,0.6,1.7,6.7,13,0.52,0.385,0.119,3.2,13.3,8.3,8.1,2,0.4,8.1,21.1,1,1.9,2.9,0.108,-0.1,-0.7,-0.8,0.4,0
182,Brendan Haywood\haywobr01,C,28,WAS,80,80,27.9,4,7.5,0.528,0,0,,4,7.5,0.528,0.528,2.7,3.7,0.735,3.4,3.8,7.2,0.9,0.4,1.7,1.4,2.7,10.6,18.3,0.582,0,0.491,14,16.4,15.2,5.2,0.7,5,12.9,17.3,4.9,1.9,6.8,0.146,0.5,0.9,1.4,1.9,0
183,Luther Head\headlu01,SG,25,HOU,73,17,18.9,2.8,6.5,0.432,1.1,3.1,0.351,1.7,3.5,0.504,0.515,0.9,1.1,0.815,0.2,1.6,1.8,1.9,0.6,0.1,1,1,7.6,13.6,0.543,0.472,0.17,1.5,9.4,5.5,16.4,1.7,0.5,12,19.3,1.5,2,3.5,0.121,0.1,-0.3,-0.2,0.6,0
185,Nenà Hil†rio\hilarne01,PF,25,DEN,16,1,16.6,1.8,4.4,0.408,0,0.1,0,1.8,4.4,0.414,0.408,1.7,3.1,0.551,1.9,3.6,5.4,0.9,0.6,0.9,1.3,2.9,5.3,11.1,0.459,0.014,0.69,12.4,22.8,17.7,7.8,1.6,3.7,18.5,18.1,-0.1,0.4,0.3,0.052,-4.6,1.6,-3,-0.1,0
186,Grant Hill*\hillgr01,SF,35,PHO,70,68,31.7,5.1,10.2,0.503,0.5,1.5,0.317,4.6,8.7,0.535,0.526,2.4,2.8,0.867,1.1,4,5,2.9,0.9,0.8,1.4,2.2,13.1,15.7,0.576,0.146,0.275,4.1,13.1,9,13.1,1.5,1.6,10.7,18,3.8,2.1,5.9,0.127,0.9,0.9,1.9,2.2,0
187,Kirk Hinrich\hinriki01,PG,27,CHI,75,72,31.7,4.4,10.6,0.414,1.1,3.2,0.35,3.3,7.4,0.442,0.467,1.6,1.9,0.831,0.4,2.9,3.3,6,1.2,0.3,2.1,3,11.5,13.1,0.501,0.301,0.178,1.3,10.6,5.8,30.9,1.9,0.6,15.4,18.9,1.5,2.1,3.6,0.072,0.1,-0.9,-0.8,0.7,0
188,Ryan Hollins\holliry01,PF,23,CHA,60,1,8.9,0.8,1.6,0.489,0,0,,0.8,1.6,0.489,0.489,0.9,1.4,0.671,0.9,0.9,1.8,0.2,0.2,0.5,0.4,1.6,2.5,11.4,0.565,0,0.872,11.4,11.7,11.6,4,1,4.3,16.1,13.3,0.6,0.4,1.1,0.096,-2.7,0.6,-2.2,0,0
189,Al Horford\horfoal01,C,21,ATL,81,77,31.4,4.1,8.2,0.499,0,0.1,0,4.1,8.2,0.502,0.499,1.9,2.6,0.731,3.1,6.6,9.7,1.5,0.7,0.9,1.7,3.3,10.1,14.7,0.539,0.007,0.317,11.4,24.5,18,7.9,1.2,2.2,15.3,16,2.4,3,5.5,0.103,-1.3,1.1,-0.2,1.2,0
190,Robert Horry\horryro01,PF,37,SAS,45,5,13,0.8,2.6,0.319,0.4,1.6,0.257,0.4,1.1,0.408,0.395,0.4,0.6,0.643,0.8,1.6,2.4,1,0.5,0.4,0.5,1.2,2.5,9.6,0.426,0.588,0.235,7.2,14.8,11,11.9,1.9,2.5,14.3,12.6,-0.1,1.1,1.1,0.088,-2.3,3.2,0.9,0.4,0
191,Eddie House\houseed01,PG,29,BOS,78,2,19,2.8,6.8,0.409,1.5,3.8,0.393,1.3,3,0.429,0.519,0.4,0.5,0.917,0.2,1.9,2.1,1.9,0.8,0.1,1,1.5,7.5,13,0.534,0.561,0.068,1.6,11.2,6.7,16.9,2.1,0.6,12.2,19.6,1.1,2.8,3.9,0.127,0.5,0.3,0.8,1.1,0
192,Dwight Howard\howardw01,C,22,ORL,82,82,37.7,7.1,11.9,0.599,0,0,0,7.1,11.8,0.601,0.599,6.5,10.9,0.59,3.4,10.8,14.2,1.3,0.9,2.1,3.2,3.3,20.7,22.9,0.619,0.004,0.921,10.9,31.6,21.7,6.1,1.2,4.2,16.1,24.2,6.4,6.4,12.9,0.2,-0.2,2.5,2.2,3.3,0
193,Josh Howard\howarjo01,SF,27,DAL,76,76,36.3,7.5,16.4,0.455,0.9,2.8,0.319,6.6,13.6,0.482,0.482,4.1,5.1,0.813,1.6,5.4,7,2.2,0.8,0.4,1.5,2.7,19.9,18.3,0.534,0.168,0.308,5.2,16.7,11.2,10.6,1.1,0.9,7.5,25.9,4.8,3.2,8,0.14,1.3,-0.5,0.8,1.9,0
194,Juwan Howard\howarju01,PF,34,DAL,50,0,7.1,0.5,1.3,0.359,0,0,,0.5,1.3,0.359,0.359,0.2,0.3,0.786,0.4,1.2,1.6,0.3,0.1,0,0.3,1.2,1.1,4.1,0.406,0,0.219,7.1,19,13.3,6.9,0.8,0.4,19.5,11.5,-0.3,0.4,0.1,0.016,-5.4,0.5,-4.9,-0.3,0
195,Troy Hudson\hudsotr01,PG,31,GSW,9,0,10.3,1,3.4,0.29,0.4,1.3,0.333,0.6,2.1,0.263,0.355,0.7,0.7,1,0,0.8,0.8,1,0.3,0,0.8,0.4,3.1,5.2,0.416,0.387,0.194,0,8.4,4,12.7,1.6,0,17.2,18.4,-0.2,0,-0.1,-0.062,-5.7,-2.9,-8.7,-0.2,0
197,Kris Humphries\humphkr01,PF,22,TOR,70,0,13.2,2.3,4.8,0.483,0,0,0,2.3,4.7,0.486,0.483,1.1,1.8,0.605,1.3,2.4,3.7,0.4,0.4,0.4,0.7,1.5,5.7,15.7,0.512,0.006,0.372,11.4,21.8,16.6,4.9,1.4,2.5,10.8,22.1,0.6,1.3,1.8,0.096,-2.8,-0.3,-3.2,-0.3,0
198,Lindsey Hunter\hunteli01,PG,37,DET,24,0,9,0.9,2.7,0.344,0.3,1.1,0.269,0.6,1.6,0.395,0.398,0.3,0.4,0.778,0.2,0.4,0.5,1.4,0.5,0.1,0.5,1.3,2.4,8.8,0.427,0.406,0.141,2.2,5,3.6,23.3,3.3,0.7,16.1,17.7,-0.1,0.3,0.2,0.048,-2.4,-0.3,-2.7,0,0
199,Steven Hunter\huntest01,C,26,DEN,19,2,6.3,0.8,1.5,0.536,0,0,,0.8,1.5,0.536,0.536,0.5,1.1,0.45,0.5,1,1.5,0,0,0.3,0.4,1.1,2.1,8.6,0.53,0,0.714,9.2,16.8,13.1,0,0,3.6,16,15.5,0,0.1,0.1,0.043,-6.6,-3.8,-10.4,-0.3,0
200,Andre Iguodala\iguodan01,SF,24,PHI,82,82,39.5,7.1,15.6,0.456,1.2,3.7,0.329,5.9,11.8,0.496,0.495,4.5,6.2,0.721,1,4.4,5.4,4.8,2.1,0.6,2.6,2.3,19.9,19,0.543,0.24,0.396,3.1,13.4,8.2,20.3,2.8,1.2,12.5,23.8,5.3,4.4,9.6,0.143,2.9,1.5,4.3,5.2,0
201,Zydrunas Ilgauskas\ilgauzy01,C,32,CLE,73,73,30.4,5.7,12,0.474,0,0,0,5.7,12,0.475,0.474,2.7,3.3,0.802,3.6,5.7,9.3,1.4,0.5,1.6,1.8,3.4,14.1,18.7,0.522,0.001,0.276,13.1,22.2,17.5,8.5,0.8,4.3,12,22.9,2.9,3.2,6.1,0.131,-1.3,1.2,-0.1,1.1,0
203,Allen Iverson*\iversal01,SG,32,DEN,82,82,41.8,8.7,19,0.458,1.2,3.4,0.345,7.5,15.6,0.482,0.488,7.9,9.7,0.809,0.6,2.4,3,7.1,2,0.1,3,1.3,26.4,20.9,0.567,0.177,0.512,1.5,6.1,3.8,27.4,2.2,0.2,11.4,26.7,8.9,2.8,11.6,0.163,3.5,-1.9,1.6,3.1,0
204,Royal Ivey\iveyro01,PG,26,MIL,75,20,19.2,2,5,0.394,0.5,1.4,0.327,1.5,3.6,0.421,0.44,1.1,1.6,0.726,0.5,1.1,1.6,2.1,0.6,0.1,1,2.2,5.6,8.8,0.487,0.283,0.31,3,6.8,4.8,16.9,1.6,0.4,14.9,15.8,0.4,0.2,0.5,0.018,-2,-2.4,-4.4,-0.9,0
205,Jarrett Jack\jackja01,SG,24,POR,82,16,27.2,3.3,7.6,0.431,0.8,2.3,0.342,2.5,5.2,0.47,0.483,2.6,3,0.867,0.4,2.5,2.9,3.8,0.7,0,2.2,1.6,9.9,13,0.558,0.306,0.4,1.6,10.7,6.2,22.7,1.5,0,19.6,19.3,1.6,1.5,3.2,0.069,-0.2,-0.6,-0.8,0.7,0
207,Luke Jackson\jackslu02,SF,26,MIA,14,1,16.3,1.9,5.7,0.325,0.8,2.1,0.367,1.1,3.6,0.3,0.394,1.1,1.6,0.696,0.5,1.9,2.4,1.2,0.6,0,0.6,1.6,5.6,9.1,0.438,0.375,0.288,3.6,13.9,8.7,12.6,1.9,0,9.1,20.6,-0.2,0.2,0,-0.004,-3.1,-1.9,-5,-0.2,0
208,Stephen Jackson\jacksst02,SF,29,GSW,73,73,39.1,6.7,16.5,0.405,2.5,6.9,0.363,4.2,9.6,0.435,0.481,4.2,5.1,0.832,0.9,3.4,4.4,4.1,1.3,0.4,2.7,2.3,20.1,14.9,0.536,0.416,0.307,2.4,9.8,6,15.2,1.6,0.7,12.6,23.1,3.2,1.4,4.6,0.077,1.5,-1.4,0.1,1.5,0
209,Casey Jacobsen\jacobca01,SG,26,MEM,53,0,10.3,0.7,2.2,0.339,0.3,1.4,0.222,0.4,0.8,0.535,0.409,0.2,0.3,0.765,0.2,1,1.2,0.4,0.1,0,0.3,0.6,2,4.5,0.437,0.626,0.148,2.4,11,6.7,5.2,0.5,0.1,11.6,11.3,-0.3,0,-0.3,-0.023,-3.8,-2.2,-6.1,-0.6,0
210,Jerome James\jamesje01,C,32,NYK,2,0,2.5,0.5,0.5,1,0,0,,0.5,0.5,1,1,1,1,1,0,1.5,1.5,0,0,0,0,0,2,45.3,1.064,0,2,0,70.6,34.2,0,0,0,0,16.9,0.1,0,0.1,0.613,1.9,-9.5,-7.6,0,0
211,LeBron James\jamesle01,SF,23,CLE,75,74,40.4,10.6,21.9,0.484,1.5,4.8,0.315,9.1,17.1,0.531,0.518,7.3,10.3,0.712,1.8,6.1,7.9,7.2,1.8,1.1,3.4,2.2,30,29.1,0.568,0.219,0.47,4.9,17.8,11.1,37.3,2.4,2.1,11.4,33.5,10.7,4.6,15.2,0.242,9,2.3,11.2,10.1,0
213,Antawn Jamison\jamisan01,PF,31,WAS,79,79,38.7,7.8,17.9,0.436,1.5,4.5,0.339,6.3,13.5,0.468,0.478,4.2,5.5,0.76,2.7,7.5,10.2,1.5,1.3,0.4,1.4,2.5,21.4,20.3,0.525,0.25,0.309,8,23.3,15.4,7.2,1.9,0.9,6.6,25.9,6,3.2,9.2,0.144,1.8,-1.4,0.3,1.8,0
214,Marko Jari?\jaricma01,SG,29,MIN,75,56,29.2,3,7,0.43,0.6,1.7,0.362,2.4,5.3,0.451,0.473,1.6,2.2,0.742,0.5,2.5,3,4.1,1.3,0.4,1.7,2.4,8.3,12.1,0.518,0.241,0.309,2,10.1,5.9,21,2.3,1.2,17.6,15,1.1,1.3,2.4,0.053,-0.9,0.3,-0.6,0.8,0
215,Al Jefferson\jeffeal01,C,23,MIN,82,82,35.6,8.8,17.6,0.5,0,0.1,0,8.8,17.5,0.502,0.5,3.5,4.8,0.721,3.8,7.4,11.1,1.4,0.9,1.5,2,2.7,21,22.7,0.535,0.003,0.273,11.9,24.7,18.1,7.5,1.3,3.2,9.4,27.5,4.8,2.9,7.7,0.127,0.6,-0.3,0.3,1.7,1
216,Richard Jefferson\jefferi01,SF,27,NJN,82,82,39,7.5,16.2,0.466,0.9,2.6,0.362,6.6,13.6,0.486,0.495,6.6,8.3,0.798,1.1,3,4.2,3.1,0.9,0.3,2.4,2.7,22.6,17.4,0.571,0.16,0.511,3.4,9,6.2,15,1.2,0.5,10.9,26.1,6.1,1.5,7.6,0.114,2,-2,0,1.6,0
217,Jared Jeffries\jeffrja01,SF,26,NYK,73,19,18.2,1.5,3.7,0.4,0.1,0.3,0.16,1.4,3.4,0.424,0.407,0.7,1.3,0.527,1.6,1.7,3.3,0.9,0.5,0.3,0.9,1.8,3.7,7.9,0.433,0.093,0.344,9.8,11.1,10.4,7.5,1.4,1.3,17.1,12.7,-0.5,0.6,0.1,0.002,-3.3,0.4,-2.8,-0.3,0
218,Yi Jianlian\jianlyi01,PF,20,MIL,66,49,25,3.3,7.9,0.421,0.1,0.3,0.286,3.2,7.6,0.427,0.427,1.8,2.2,0.841,1.6,3.6,5.2,0.8,0.5,0.8,1.4,2.3,8.6,11.3,0.485,0.04,0.279,7.3,17.7,12.3,5.3,1.1,2.7,13.4,18.4,-0.1,0.9,0.7,0.022,-3.9,-0.7,-4.6,-1.1,0
219,Alexander Johnson\johnsal01,PF,24,MIA,43,6,12.8,1.4,2.9,0.488,0,0,,1.4,2.9,0.488,0.488,1.3,1.9,0.687,0.7,1.4,2.2,0.3,0.3,0.2,1,1.9,4.2,8.9,0.554,0,0.664,6.9,13.7,10.3,4,1.3,1.5,20.6,17.6,-0.1,0.4,0.2,0.019,-5.2,-1.2,-6.4,-0.6,0
220,Amir Johnson\johnsam01,PF,20,DET,62,0,12.3,1.5,2.7,0.558,0,0,,1.5,2.7,0.558,0.558,0.6,0.9,0.673,1.4,2.4,3.8,0.5,0.4,1.3,0.6,2.3,3.6,17.5,0.584,0,0.333,13.5,23.2,18.4,5.9,1.7,8.5,17.1,14.1,1.1,1.9,3,0.19,-1.4,5.7,4.3,1.2,0
222,DerMarr Johnson\johnsde03,SF,27,SAS,5,0,5.6,1.4,2.8,0.5,0.6,1.8,0.333,0.8,1,0.8,0.607,0,0.4,0,0,0.2,0.2,0.2,0.2,0,0,0.8,3.4,17.3,0.571,0.643,0.143,0,4.2,2.1,7.2,1.9,0,0,25.5,0,0,0.1,0.143,3.9,-4.3,-0.4,0,0
223,Joe Johnson\johnsjo02,SG,26,ATL,82,82,40.8,7.9,18.3,0.432,2.1,5.4,0.381,5.8,12.8,0.454,0.489,3.9,4.6,0.834,1,3.5,4.5,5.8,1,0.2,2.7,2,21.7,17.3,0.535,0.297,0.253,2.9,9.9,6.4,25.5,1.3,0.4,11.8,25.6,5.3,1.7,7,0.1,3.1,-1.9,1.1,2.7,0
226,Dahntay Jones\jonesda02,SG,27,SAC,25,0,8.2,0.9,2.1,0.434,0,0.2,0.167,0.9,1.9,0.468,0.443,1.4,2,0.667,0.3,1.1,1.4,0.5,0.3,0.2,0.4,1.1,3.2,13.5,0.537,0.113,0.962,4.1,15.7,10,8.9,2,2.3,11.7,18.5,0.2,0.2,0.4,0.096,-2.5,-0.5,-3,-0.1,0
227,Damon Jones\jonesda01,SG,31,CLE,67,3,19.9,2.3,5.4,0.416,1.7,4.1,0.417,0.5,1.3,0.414,0.574,0.3,0.4,0.714,0.1,1,1.1,1.9,0.3,0,0.5,1,6.5,11.3,0.582,0.76,0.077,0.4,5.9,3.1,15.1,0.8,0.1,8.8,14,2.4,0.7,3,0.108,0.9,-3.1,-2.2,-0.1,0
228,Dwayne Jones\jonesdw02,PF,24,CLE,56,0,8.4,0.4,0.8,0.532,0,0,0,0.4,0.8,0.543,0.532,0.5,1,0.483,1.2,1.3,2.5,0.2,0.2,0.4,0.3,1.6,1.4,11.1,0.538,0.021,1.234,16.2,17.7,16.9,3.1,1.1,4.2,19,8.6,0.5,0.7,1.2,0.121,-2.9,1.6,-1.2,0.1,0
229,Eddie Jones\jonesed02,SG,36,DAL,47,33,19.6,1.4,3.8,0.367,0.7,2.5,0.293,0.7,1.4,0.5,0.461,0.2,0.3,0.714,0.4,2.4,2.8,1.5,0.6,0.2,0.6,1.5,3.7,7.6,0.473,0.644,0.078,2.3,13.8,8.3,10.8,1.5,0.6,13.5,10.9,0.1,1,1.1,0.058,-1.3,1.1,-0.3,0.4,0
230,Fred Jones\jonesfr01,SG,28,NYK,70,26,25.1,2.6,6.2,0.421,1.1,2.7,0.385,1.5,3.4,0.45,0.507,1.3,1.8,0.746,0.4,2,2.4,2.4,0.7,0.3,1.1,2,7.6,10.9,0.546,0.444,0.292,1.9,9.4,5.5,14.7,1.4,0.8,13.8,14.4,1.7,0.6,2.2,0.061,-0.3,-0.9,-1.2,0.4,0
231,James Jones\jonesja02,SF,27,POR,58,3,22,2.5,5.6,0.437,1.6,3.5,0.444,0.9,2.1,0.426,0.576,1.5,1.7,0.878,0.7,2,2.8,0.6,0.4,0.3,0.5,1.7,8,13.6,0.625,0.627,0.3,4,10.8,7.4,4.3,1,0.9,7,14.8,2.9,0.8,3.7,0.139,2.2,-1,1.2,1,0
232,Solomon Jones\jonesso01,PF,23,ATL,35,0,4.1,0.3,0.9,0.4,0,0.1,0,0.3,0.8,0.429,0.4,0.3,0.6,0.55,0.5,0.7,1.2,0,0.1,0.1,0.3,0.8,1,6.8,0.451,0.067,0.667,15.3,18.4,16.9,0,1.1,2.6,22.1,15.6,-0.1,0.1,0,0,-7.3,-4.3,-11.5,-0.3,0
233,Chris Kaman\kamanch01,C,25,LAC,56,55,37.2,6,12.5,0.483,0,0.1,0,6,12.4,0.486,0.483,3.6,4.7,0.762,3.1,9.6,12.7,1.9,0.6,2.8,2.9,3.2,15.7,17.5,0.538,0.006,0.379,9.5,30,19.7,9.3,0.8,5.6,16.7,21.7,0.4,3.2,3.6,0.083,-2.9,3.2,0.4,1.2,0
234,Jason Kapono\kaponja01,SF,26,TOR,81,7,18.9,3,6.1,0.488,0.7,1.5,0.483,2.3,4.7,0.489,0.545,0.5,0.5,0.86,0.4,1.1,1.5,0.8,0.4,0,0.7,1.6,7.2,10.8,0.561,0.237,0.086,2.4,6.9,4.6,6.7,1.2,0.1,10.1,17.7,1,0.9,1.9,0.06,-0.8,-1.5,-2.3,-0.1,0
235,Coby Karl\karlco01,SG,24,LAL,17,0,4.2,0.5,1.5,0.346,0.2,0.8,0.308,0.3,0.8,0.385,0.423,0.5,0.6,0.8,0.2,0.6,0.8,0.5,0.2,0.1,0.3,0.2,1.8,15.8,0.493,0.5,0.385,4.9,16.5,10.9,18.3,2.8,2,14.1,22,0,0.1,0.2,0.106,-0.5,0.4,-0.1,0,0
236,Viktor Khryapa\khryavi01,PF,25,CHI,9,0,11.7,1.3,3.4,0.387,0,0.1,0,1.3,3.3,0.4,0.387,0.9,1.6,0.571,0.7,1.6,2.2,0.9,0.7,0,0.7,1.2,3.6,9.7,0.431,0.032,0.452,6.2,15.6,10.7,11.9,2.9,0,13.9,18.2,-0.1,0.1,0,0.02,-4.5,0.3,-4.2,-0.1,0
238,Tarence Kinsey\kinseta01,SG,23,MEM,11,0,8.7,1.5,3.5,0.421,0.3,0.6,0.429,1.2,2.8,0.419,0.461,0.5,0.5,0.833,0.3,0.8,1.1,0.2,0.3,0,0.3,1,3.6,10.3,0.492,0.184,0.158,3.5,10.6,7,3.4,1.6,0,6.9,20.2,0,0,0,0.02,-3.5,-3.7,-7.2,-0.1,0
239,Andrei Kirilenko\kirilan01,SF,26,UTA,72,72,30.8,3.8,7.6,0.506,0.6,1.6,0.379,3.2,5.9,0.54,0.546,2.8,3.6,0.77,1.7,3,4.7,4,1.2,1.5,1.9,2.3,11,17.2,0.603,0.213,0.472,6.7,11.9,9.3,18.2,2,4,17.6,16.1,4.3,2.8,7.1,0.154,2.4,3,5.4,4.1,0
240,Linas Kleiza\kleizli01,SF,23,DEN,79,13,23.9,3.9,8.3,0.472,1.2,3.5,0.339,2.7,4.8,0.568,0.543,2.1,2.7,0.77,1.2,3.1,4.2,1.2,0.6,0.2,1.1,2.3,11.1,14.4,0.585,0.42,0.323,5.4,13.5,9.5,7.5,1.1,0.7,10.6,18.9,3.1,1.6,4.7,0.119,1.1,-1.7,-0.6,0.7,0
241,Brevin Knight\knighbr01,PG,32,LAC,74,39,22.6,1.9,4.6,0.404,0,0.1,0,1.9,4.5,0.411,0.404,0.8,1,0.873,0.2,1.7,1.9,4.4,1.4,0.1,1,2.2,4.6,11.4,0.453,0.018,0.208,1,8.8,4.9,31.1,3.1,0.5,16,12.2,0.5,1.6,2.1,0.06,-3,-0.1,-3,-0.4,0
243,Nenad Krsti?\krstine01,C,24,NJN,45,38,18,2.7,6.7,0.41,0,0,0,2.7,6.6,0.413,0.41,1.2,1.5,0.754,0.8,3.7,4.4,0.6,0.2,0.4,0.9,2.5,6.6,8.5,0.451,0.007,0.23,5,23.6,14.3,5.8,0.6,1.6,11,20.9,-0.9,0.7,-0.1,-0.007,-6.9,-1.7,-8.5,-1.3,0
244,Raef LaFrentz\lafrera01,C,31,POR,39,0,7.5,0.7,1.6,0.443,0,0.1,0,0.7,1.5,0.474,0.443,0.3,0.5,0.579,0.7,1,1.7,0.2,0.3,0.4,0.3,1.5,1.7,10.4,0.469,0.066,0.311,11.4,15.7,13.6,3.2,2.3,4.5,12.6,12.9,0.1,0.4,0.5,0.085,-3.4,2.7,-0.7,0.1,0
245,Carl Landry\landrca01,PF,24,HOU,42,0,16.9,3.2,5.2,0.616,0,0,0,3.2,5.2,0.619,0.616,1.7,2.6,0.661,2.3,2.6,4.9,0.5,0.4,0.2,0.6,2.3,8.1,21.4,0.641,0.005,0.498,15.5,17.3,16.4,5.2,1.3,0.7,8.9,18.8,2.5,1.2,3.7,0.251,2.1,-0.3,1.8,0.7,0
246,Keith Langford\langfke01,SG,24,SAS,2,0,5,0.5,2,0.25,0,0,,0.5,2,0.25,0.25,0,0,,0,1,1,0,0,0,0,0.5,1,-2.4,0.25,0,0,0,23.3,11.8,0,0,0,0,19.2,0,0,0,-0.142,-14.9,-5.1,-19.9,0,0
248,Acie Law\lawac01,PG,23,ATL,56,6,15.4,1.7,4.2,0.401,0.1,0.6,0.206,1.6,3.6,0.433,0.416,0.7,0.9,0.792,0.2,0.8,1,2,0.5,0,1,1.3,4.2,7.7,0.455,0.143,0.203,1.6,6,3.8,20.4,1.8,0,17.8,16.5,-0.5,0.4,-0.1,-0.007,-4.1,-2.6,-6.7,-1,0
249,David Lee\leeda02,PF,24,NYK,81,29,29.1,4.2,7.6,0.552,0,0,0,4.2,7.6,0.554,0.552,2.4,2.9,0.819,3,6,8.9,1.2,0.7,0.4,1.2,2.6,10.8,18,0.606,0.003,0.383,11.3,24.1,17.5,6.7,1.2,1,11.8,15.6,5.6,1.8,7.4,0.151,0.6,0.2,0.8,1.7,0
250,Rashard Lewis\lewisra02,PF,28,ORL,81,81,38,6.4,14,0.455,2.8,6.8,0.409,3.6,7.2,0.498,0.554,2.7,3.2,0.838,1.2,4.2,5.4,2.4,1.2,0.5,1.7,2.6,18.2,16.7,0.591,0.487,0.229,3.8,12.2,8.2,10.5,1.7,0.9,10.1,20.7,6.1,3.7,9.8,0.153,3.4,0.6,4,4.6,0
251,Kyle Lowry\lowryky01,PG,21,MEM,82,9,25.5,3.1,7.2,0.432,0.4,1.7,0.257,2.7,5.5,0.487,0.463,3,4.2,0.698,0.5,2.5,3,3.6,1.1,0.3,1.5,2.3,9.6,14.3,0.531,0.236,0.588,2.2,11.3,6.7,21.8,2.2,0.8,14.6,18.6,2.1,1.3,3.4,0.078,-0.2,-0.4,-0.6,0.8,0
253,Mark Madsen\madsema01,PF,32,MIN,20,6,7.6,0.2,1,0.158,0,0,,0.2,1,0.158,0.158,0.2,0.6,0.25,0.9,1,1.9,0.2,0.2,0.1,0.5,1.3,0.5,0.2,0.185,0,0.632,13.4,15.8,14.6,3.5,1,1.1,27,9.9,-0.4,0.1,-0.3,-0.102,-7.8,-0.1,-7.9,-0.2,0
254,Corey Maggette\maggeco01,SF,28,LAC,70,65,35.7,6.5,14.3,0.458,1.1,2.9,0.384,5.4,11.4,0.477,0.497,7.9,9.7,0.812,1.1,4.5,5.6,2.7,1,0.1,2.8,3,22.1,19.3,0.595,0.203,0.681,3.6,14.7,9.1,14.3,1.5,0.2,13,27.6,5.1,1.8,6.9,0.133,2.7,-1.3,1.4,2.1,0
256,Ian Mahinmi\mahinia01,C,21,SAS,6,0,3.8,1,2,0.5,0,0,,1,2,0.5,0.5,1.5,1.5,1,0,0.8,0.8,0.2,0,0.7,0.3,0.7,3.5,35.3,0.658,0,0.75,0,25.3,12.8,9,0,13.2,11.1,37.4,0.1,0.1,0.2,0.372,-0.9,3.3,2.3,0,0
257,Stephon Marbury\marbust01,PG,30,NYK,24,19,33.5,4.6,11,0.419,1.2,3.1,0.378,3.5,8,0.435,0.472,3.5,4.8,0.716,0.7,1.8,2.5,4.7,0.9,0.1,2,2.4,13.9,13.8,0.527,0.279,0.438,2.3,6.1,4.2,23.1,1.4,0.2,13.2,20.3,1,0.1,1.1,0.066,0.8,-2.5,-1.7,0.1,0
259,Sean Marks\marksse01,C,32,PHO,19,0,6.8,1.2,2.3,0.535,0.1,0.2,0.25,1.2,2.1,0.564,0.547,0.6,1,0.632,0.5,1.4,1.9,0.2,0.2,0.5,0.4,1.2,3.1,16.1,0.574,0.093,0.442,8.5,21.7,15.6,4.5,1.1,5,13.5,20.4,0.1,0.2,0.3,0.121,-2.9,0.2,-2.6,0,0
261,Darrick Martin\martida01,PG,36,TOR,17,0,8.3,0.6,2.5,0.233,0.1,0.9,0.125,0.5,1.6,0.296,0.256,0.3,0.4,0.833,0.2,0.2,0.4,1.2,0.4,0,0.1,0.7,1.6,5.8,0.296,0.372,0.14,2.5,3.4,2.9,20.6,2.3,0,2.1,15.6,-0.2,0.1,-0.1,-0.021,-3.8,-2.1,-5.9,-0.1,0
262,Kenyon Martin\martike01,PF,30,DEN,71,71,30.4,5.3,9.8,0.538,0,0.2,0.182,5.3,9.7,0.544,0.539,1.7,3,0.58,1.5,5,6.5,1.3,1.2,1.2,1.3,3.3,12.4,14.7,0.553,0.016,0.303,5.4,17.5,11.6,6.3,2,2.8,10.3,17.4,2,3,5,0.111,-1.5,1.6,0.1,1.1,0
263,Kevin Martin\martike02,SG,24,SAC,61,57,36.3,6.8,15,0.456,1.8,4.4,0.402,5.1,10.6,0.478,0.515,8.2,9.5,0.869,0.8,3.7,4.5,2.1,1,0.1,2.1,2.5,23.7,21,0.618,0.291,0.632,2.6,11.8,7.3,10.1,1.4,0.2,10.1,26.2,7.4,1.1,8.4,0.183,3.9,-2.8,1.1,1.7,0
264,Desmond Mason\masonde01,SF,30,MIL,59,56,28.8,3.9,8.1,0.482,0,0,,3.9,8.1,0.482,0.482,1.9,2.9,0.659,1.3,3.1,4.3,2.1,0.7,0.5,1.4,1.8,9.7,12.3,0.519,0,0.363,5,13.1,8.8,11.3,1.2,1.4,13,16.8,1,0.5,1.5,0.041,-2,-0.6,-2.6,-0.2,0
265,Roger Mason\masonro01,PG,27,WAS,80,9,21.4,3.3,7.5,0.443,1.6,4.1,0.398,1.7,3.4,0.498,0.552,0.8,0.9,0.873,0.2,1.4,1.6,1.7,0.5,0.2,0.9,1.8,9.1,13.8,0.573,0.545,0.118,1.1,8,4.5,13.2,1.3,0.9,9.9,18.9,2.8,0.6,3.4,0.096,1.9,-2.7,-0.8,0.5,0
266,Jason Maxiell\maxieja01,C,24,DET,82,7,21.6,2.9,5.4,0.538,0,0,0,2.9,5.4,0.539,0.538,2.1,3.3,0.633,2.2,3.1,5.3,0.6,0.3,1.1,0.9,2.2,7.9,16.7,0.576,0.002,0.605,11.9,17.4,14.6,4.2,0.7,4.2,11.2,17,3.4,2.9,6.3,0.171,-0.5,1.5,1,1.4,0
267,Rashad McCants\mccanra01,SG,23,MIN,75,24,26.9,5.7,12.6,0.453,1.9,4.7,0.407,3.8,7.9,0.481,0.529,1.5,2.1,0.748,0.7,2.1,2.7,2.2,0.9,0.2,2.3,3.1,14.9,14.6,0.55,0.37,0.164,2.8,9.2,5.9,14.1,1.7,0.7,14.5,26.4,0.9,0.8,1.7,0.04,1.4,-2.4,-1.1,0.5,0
268,Jelani McCoy\mccoyje01,C,30,DEN,6,1,5.5,0.2,0.2,1,0,0,,0.2,0.2,1,1,0.2,0.3,0.5,0.2,1,1.2,0,0,0.8,0.7,1.2,0.5,2.6,0.798,0,2,3.3,19.3,11.5,0,0,10.8,68,7.6,-0.1,0.1,0,-0.036,-10,3.1,-6.9,0,0
269,Antonio McDyess\mcdyean01,PF,33,DET,78,78,29.3,3.8,7.7,0.488,0,0,0,3.8,7.7,0.49,0.488,1.2,2,0.622,2.6,5.9,8.5,1.1,0.8,0.7,1,3.2,8.8,14.1,0.511,0.003,0.26,10.6,24.3,17.4,6.2,1.5,1.8,10.1,15.3,2.4,4.3,6.7,0.141,-1.3,2.4,1.1,1.8,0
270,Tracy McGrady*\mcgratr01,SG,28,HOU,66,62,37,8.3,19.8,0.419,1.3,4.5,0.292,7,15.3,0.457,0.452,3.7,5.4,0.684,0.6,4.5,5.1,5.9,1,0.5,2.4,1.4,21.6,18.4,0.487,0.226,0.274,2,13.5,7.8,29.6,1.5,0.9,9.8,30.4,2,3.8,5.8,0.115,1.7,0.7,2.4,2.7,0
271,Dominic McGuire\mcguido01,SG,22,WAS,70,1,9.9,0.6,1.5,0.379,0,0.1,0.167,0.5,1.4,0.392,0.383,0.2,0.5,0.438,0.8,1.2,2,0.6,0.3,0.4,0.6,1.1,1.3,6.6,0.397,0.058,0.311,8.7,14.9,11.7,8.3,1.5,3.1,25.5,10.4,-0.6,0.6,0,-0.003,-4.8,1.8,-3.1,-0.2,0
272,Jeff McInnis\mcinnje01,PG,33,CHA,54,26,26.1,2,4.6,0.434,0.1,0.4,0.158,1.9,4.3,0.457,0.44,0.4,0.6,0.767,0.3,1.5,1.8,4.1,0.4,0.1,1.4,2.2,4.5,6.5,0.461,0.076,0.12,1.3,6.6,3.9,23.4,0.9,0.2,22.5,11,-0.2,0.3,0.1,0.002,-4.1,-1.9,-6.1,-1.4,0
273,Josh McRoberts\mcrobjo01,PF,20,POR,8,0,3.5,0.8,1.3,0.6,0,0.1,0,0.8,1.1,0.667,0.6,0,0,,0.3,1,1.3,0.3,0.1,0,0.3,0.1,1.5,20.3,0.6,0.1,0,8.4,33.5,21,13.7,2,0,16.7,20.3,0,0,0.1,0.131,-1,0.8,-0.3,0,0
274,Chris Mihm\mihmch01,C,28,LAL,23,5,12.1,1.4,4.1,0.337,0,0,,1.4,4.1,0.337,0.337,0.8,1.2,0.667,1.2,2.1,3.3,0.6,0.2,0.6,0.7,1.8,3.6,7.7,0.384,0,0.284,11.7,18.8,15.4,6.6,0.7,3.6,13.7,19.6,-0.4,0.4,0,-0.004,-6.5,0.1,-6.4,-0.3,0
275,C.J. Miles\milescj01,SG,20,UTA,60,13,11.5,1.9,3.9,0.479,0.5,1.3,0.39,1.4,2.7,0.522,0.542,0.7,0.9,0.788,0.3,1,1.3,0.9,0.5,0.1,0.5,1.6,5,14.2,0.574,0.326,0.22,2.9,10.9,6.9,11.5,2.4,0.9,9.4,18.6,1.1,0.8,1.9,0.134,1.1,-0.7,0.4,0.4,0
276,Darko Mili?i?\milicda01,C,22,MEM,70,64,23.8,3.1,7.1,0.438,0,0,0,3.1,7.1,0.439,0.438,1,1.7,0.554,1.8,4.2,6.1,0.8,0.5,1.6,1.4,2.6,7.2,11,0.456,0.002,0.242,8.5,20.2,14.3,5.4,1,5,15.4,17.5,-1.4,1.6,0.2,0.006,-5.1,1.6,-3.5,-0.6,0
277,Andre Miller\millean02,PG,31,PHI,82,82,36.8,6.9,14.1,0.492,0,0.4,0.088,6.9,13.7,0.504,0.494,3.1,4.1,0.772,1.2,2.8,4,6.9,1.3,0.1,2.5,2.2,17,18.4,0.537,0.029,0.288,3.7,9.1,6.4,32,1.8,0.2,13.7,22.6,5.7,2.6,8.3,0.131,2.3,-0.6,1.7,2.9,0
278,Brad Miller\millebr01,C,31,SAC,72,72,34.9,4.7,10.1,0.463,0.4,1.3,0.311,4.3,8.9,0.484,0.482,3.6,4.3,0.848,2.3,7.1,9.5,3.7,1,1,2.3,3.4,13.4,16.8,0.558,0.124,0.424,8,23.7,16,16.6,1.4,2.3,16,18.3,3.8,2.7,6.5,0.125,0.7,1.9,2.6,2.9,0
279,Mike Miller\millemi01,SG,27,MEM,70,70,35.3,5.9,11.8,0.502,2.2,5.1,0.432,3.7,6.6,0.557,0.596,2.3,3,0.774,0.7,5.9,6.7,3.4,0.5,0.2,2.6,2.1,16.4,16.1,0.625,0.436,0.257,2.3,19,10.6,16,0.7,0.5,16.6,19.8,3.9,1.1,5,0.098,2.2,-0.8,1.4,2.1,0
280,Paul Millsap\millspa01,PF,22,UTA,82,2,20.8,3.1,6.1,0.504,0,0,0,3.1,6.1,0.508,0.504,1.9,2.8,0.677,2,3.6,5.6,1,0.9,0.9,1.1,3.3,8.1,16.1,0.548,0.008,0.456,12.1,20.8,16.5,7,2.2,3.5,12.6,18.1,2.5,2.7,5.2,0.148,-0.2,2.1,1.9,1.7,0
281,Yao Ming*\mingya01,C,27,HOU,55,55,37.2,7.9,15.5,0.507,0,0,0,7.9,15.5,0.508,0.507,6.3,7.4,0.85,3.1,7.7,10.8,2.3,0.5,2,3.3,3.1,22,22.5,0.587,0.002,0.477,9.6,22.9,16.4,11.5,0.6,4,15.1,27.1,4.2,4.1,8.3,0.196,0.4,2.6,2.9,2.6,0
282,Cuttino Mobley\moblecu01,SG,32,LAC,77,38,35.1,4.9,11.3,0.433,0.9,2.5,0.349,4,8.8,0.457,0.472,2.1,2.6,0.819,0.6,2.9,3.6,2.6,1,0.4,1.6,2,12.8,11.5,0.514,0.221,0.229,2.1,9.7,5.9,13.1,1.5,0.9,11.4,18.5,0.4,1.7,2.1,0.037,-1.3,-0.2,-1.5,0.4,0
284,Jamario Moon\moonja01,SF,27,TOR,78,75,27.8,3.6,7.4,0.485,0.5,1.6,0.328,3.1,5.8,0.528,0.52,0.8,1.1,0.741,1.2,5,6.2,1.2,1,1.4,0.7,1.9,8.5,15,0.54,0.212,0.148,5,21.6,13.2,6.2,2,4,7.7,14.4,2.1,3.6,5.7,0.126,-0.8,3.5,2.8,2.6,0
285,Mikki Moore\mooremi01,PF,32,SAC,82,79,29.1,3.4,6,0.577,0,0,0,3.4,5.9,0.579,0.577,1.6,2.2,0.736,2,4.1,6,1,0.4,0.6,1.3,3.8,8.5,11.5,0.613,0.004,0.372,8.1,16.2,12.2,5.4,0.7,1.5,16.2,12.7,3.2,1.4,4.6,0.092,-0.7,-0.1,-0.8,0.7,0
286,Randolph Morris\morrira01,C,22,NYK,18,2,10.1,1.2,3.2,0.362,0,0,,1.2,3.2,0.362,0.362,0.8,1.6,0.483,0.7,1.4,2.1,0.1,0.2,0.1,0.5,2.1,3.1,4.3,0.396,0,0.5,7.3,16.2,11.6,1.8,1.2,0.9,11.3,19.8,-0.3,0.1,-0.2,-0.061,-7.7,-3.1,-10.8,-0.4,0
287,Alonzo Mourning*\mournal01,C,37,MIA,25,0,15.6,2.1,3.8,0.547,0,0,,2.1,3.8,0.547,0.547,1.8,3,0.592,1.4,2.4,3.7,0.3,0.2,1.7,1,2.2,6,16.2,0.58,0,0.8,10.3,18.5,14.3,3.1,0.5,8.6,16.3,18.7,0.3,0.5,0.8,0.098,-4.2,1.7,-2.5,0,0
288,Troy Murphy\murphtr01,PF,27,IND,75,61,28.1,4.2,9.2,0.455,1.3,3.1,0.398,2.9,6.1,0.484,0.522,2.6,3.2,0.797,1.4,5.8,7.2,2.2,0.7,0.4,1.3,2.9,12.2,16,0.573,0.341,0.348,5.5,22.9,14,12.3,1.1,1.1,10.7,18.4,3.7,2.5,6.2,0.141,0.7,0.4,1.1,1.6,0
290,Dikembe Mutombo*\mutomdi01,C,41,HOU,39,25,15.9,1.1,2.1,0.538,0,0,,1.1,2.1,0.538,0.538,0.8,1.2,0.711,1.7,3.4,5.1,0.1,0.3,1.2,0.4,1.4,3,14.5,0.591,0,0.563,12.6,23.5,18.1,1.2,0.9,5.7,14.6,8.6,0.9,1.4,2.3,0.178,-3.5,3.1,-0.4,0.3,0
291,Bo?tjan Nachbar\nachbbo01,PF,27,NJN,75,1,22.1,3.3,8.1,0.402,1.3,3.5,0.359,2,4.6,0.435,0.479,2.1,2.6,0.786,0.7,2.7,3.5,1.2,0.6,0.3,1.1,2.4,9.8,12.4,0.531,0.43,0.322,3.9,14.3,9.1,9.3,1.4,1,10.9,21.5,1,1.2,2.2,0.064,-0.7,-1.7,-2.4,-0.2,0
292,Eduardo N†jera\najered01,PF,31,DEN,78,3,21.3,2.2,4.7,0.473,0.7,1.9,0.361,1.6,2.8,0.548,0.545,0.8,1.1,0.708,1.4,2.9,4.3,1.2,0.9,0.5,0.8,2.6,5.9,12.1,0.57,0.399,0.242,7.5,14.3,11,7.8,2,1.7,12.7,11.9,2.1,2,4.1,0.118,0.2,1.3,1.4,1.4,0
293,Steve Nash*\nashst01,PG,33,PHO,81,81,34.3,6,11.9,0.504,2.2,4.7,0.47,3.8,7.2,0.527,0.597,2.7,3,0.906,0.3,3.1,3.5,11.1,0.7,0.1,3.6,1.4,16.9,21.1,0.641,0.396,0.255,1.2,9.6,5.7,47.3,0.9,0.1,21.6,22,9,1.4,10.5,0.181,4.8,-3.2,1.6,2.6,0
294,Juan Carlos Navarro\navarju01,SG,27,MEM,82,30,25.8,3.8,9.3,0.402,1.9,5.3,0.361,1.9,4.1,0.455,0.504,1.5,1.8,0.849,0.4,2.1,2.6,2.2,0.6,0,1.6,1.1,10.9,11.9,0.54,0.564,0.191,1.8,9.4,5.6,13.3,1.1,0,13.9,20.2,1,0.4,1.4,0.031,0.4,-2.7,-2.3,-0.1,0
295,Jameer Nelson\nelsoja01,PG,25,ORL,69,62,28.4,4.1,8.7,0.469,0.9,2.2,0.416,3.2,6.5,0.488,0.522,1.8,2.2,0.828,0.4,3.1,3.5,5.6,0.9,0.1,2,2.4,10.9,15.5,0.564,0.255,0.25,1.7,12.1,7.1,31.1,1.7,0.1,17.4,19,3.4,2.2,5.6,0.136,1.1,0,1.1,1.5,0
296,Rasho Nesterovi?\nestera01,C,31,TOR,71,39,20.9,3.6,6.6,0.55,0,0,0.333,3.6,6.5,0.552,0.551,0.5,0.7,0.755,1.8,3,4.8,1.2,0.3,0.7,0.8,1.9,7.8,16.1,0.565,0.006,0.105,10.3,17,13.6,8.9,0.7,2.8,10.9,17.4,2.3,1.6,3.9,0.125,-0.1,1.1,1.1,1.2,0
299,Joakim Noah\noahjo01,C,22,CHI,74,31,20.7,2.4,5,0.482,0,0,0,2.4,4.9,0.484,0.482,1.8,2.6,0.691,2.4,3.3,5.6,1.1,0.9,0.9,1.2,2.3,6.6,15.5,0.539,0.003,0.529,12.4,18.4,15.3,8.6,2.3,3.3,16.4,15.6,1.5,2.3,3.8,0.12,-1.2,2.8,1.6,1.4,0
300,AndrÇs Nocioni\nocioan01,SF,28,CHI,82,27,24.6,4.6,10.7,0.432,1.5,4.2,0.364,3.1,6.5,0.476,0.504,2.4,3,0.807,0.6,3.6,4.2,1.2,0.3,0.5,1.6,3,13.2,13.6,0.549,0.395,0.277,2.6,17,9.5,8.3,0.6,1.7,11.9,24.5,1.5,1.8,3.3,0.077,-0.3,-2.1,-2.4,-0.2,0
301,Steve Novak\novakst01,SF,24,HOU,35,0,7.5,1.4,2.9,0.48,1,2,0.479,0.4,0.9,0.484,0.647,0.1,0.1,0.75,0.1,0.9,1,0.2,0.1,0.1,0.1,0.5,3.9,17.3,0.651,0.696,0.039,1.7,13,7.5,3.9,0.4,0.8,3.7,18.7,0.7,0.3,1.1,0.196,2.6,-2.8,-0.2,0.1,0
302,Dirk Nowitzki\nowitdi01,PF,29,DAL,77,77,36,8.2,17.1,0.479,1,2.9,0.359,7.2,14.2,0.504,0.51,6.2,7.1,0.879,1.2,7.3,8.6,3.5,0.7,0.9,2.1,2.6,23.6,24.6,0.585,0.167,0.414,4.1,22.8,13.8,17.8,1,1.9,9.3,28.8,8.9,4,12.9,0.223,4.2,0.9,5.2,5,0
303,Patrick O'Bryant\obryapa01,C,21,GSW,24,0,4.1,0.7,1.2,0.552,0,0,,0.7,1.2,0.552,0.552,0.1,0.2,0.6,0.4,0.8,1.2,0.2,0.2,0.4,0.3,1.1,1.5,14,0.561,0,0.172,10.4,21.4,15.7,5.8,2,6.6,18.3,16.3,0.1,0.2,0.2,0.105,-3.5,2.6,-1,0,0
304,Jermaine O'Neal\onealje01,C,29,IND,42,34,28.7,5.4,12.2,0.439,0,0.1,0,5.4,12.1,0.444,0.439,2.9,3.9,0.742,2,4.8,6.7,2.2,0.5,2.1,2.5,3.1,13.6,14.4,0.489,0.01,0.318,7.3,18.5,12.8,12.9,0.8,5.4,15.4,24.8,-0.7,1.6,0.9,0.035,-4,2.1,-2,0,0
306,Fabricio Oberto\obertfa01,PF,32,SAS,82,64,20,2.2,3.6,0.608,0,0,0,2.2,3.6,0.61,0.608,0.5,0.7,0.607,1.9,3.4,5.2,1.2,0.5,0.2,0.6,2.5,4.8,13.8,0.615,0.003,0.206,11.1,19.6,15.4,9.1,1.2,0.9,13.6,10.9,3.2,2.9,6.1,0.178,-0.2,2.8,2.5,1.9,0
307,Lamar Odom\odomla01,PF,28,LAL,77,77,37.9,5.4,10.3,0.525,0.4,1.5,0.274,5,8.9,0.566,0.544,3,4.3,0.698,2.6,8.1,10.6,3.5,1,0.9,2,2.9,14.2,16.9,0.582,0.142,0.413,7.8,22.7,15.6,13.8,1.3,1.8,14.2,16.5,5.3,4.3,9.7,0.159,1.3,2.5,3.8,4.3,0
308,Emeka Okafor\okafoem01,C,25,CHA,82,82,33.1,5.6,10.5,0.535,0,0,,5.6,10.5,0.535,0.535,2.6,4.6,0.57,3.1,7.6,10.7,0.9,0.8,1.7,2,2.9,13.8,17.4,0.553,0,0.435,10.7,26.4,18.5,4.5,1.2,3.9,13.8,20,2.2,3.6,5.8,0.103,-2.3,0.9,-1.3,0.4,0
309,Mehmet Okur\okurme01,C,28,UTA,72,72,33.2,5.2,11.7,0.445,1.6,4.1,0.388,3.6,7.6,0.475,0.512,2.6,3.2,0.804,1.8,5.9,7.7,2,0.8,0.4,1.4,3.3,14.5,15.2,0.556,0.35,0.273,6.8,21.5,14.2,9,1.2,1,9.9,19.6,4,2.7,6.7,0.134,1.7,0,1.7,2.3,0
310,Kevin Ollie\ollieke01,SG,35,PHI,40,0,7.5,0.7,1.7,0.42,0,0,0,0.7,1.7,0.426,0.42,0.3,0.4,0.8,0.1,0.4,0.5,1,0.3,0,0.1,0.7,1.8,9.7,0.463,0.014,0.217,1.6,6,3.8,18.7,1.8,0,6.2,12.1,0.3,0.2,0.5,0.084,-2.8,-1.7,-4.6,-0.2,0
311,Bo Outlaw\outlabo01,PF,36,ORL,2,0,3.5,1,1.5,0.667,0,0,,1,1.5,0.667,0.667,0,0,,0,0,0,0,0,0,0.5,0.5,2,8.6,0.667,0,0,0,0,0,0,0,0,25,26.2,0,0,0,-0.071,-6.3,-5.3,-11.6,0,0
312,Travis Outlaw\outlatr01,PF,23,POR,82,6,26.7,5.1,11.8,0.433,0.5,1.2,0.396,4.6,10.5,0.437,0.453,2.7,3.6,0.741,1.2,3.4,4.6,1.3,0.7,0.8,1.3,2.1,13.3,15.7,0.499,0.105,0.305,5.2,15,10.1,8.9,1.5,2.2,8.9,26,0.9,2.3,3.2,0.071,-1.6,-0.1,-1.8,0.1,0
313,Andre Owens\owensan01,PG,27,IND,31,7,12.6,1.3,3.5,0.374,0.6,1.3,0.45,0.7,2.2,0.328,0.458,0.8,1.1,0.735,0.4,1.1,1.5,1.5,0.4,0.1,0.8,1.2,4,10,0.504,0.374,0.318,3.5,9.6,6.5,17.6,1.6,0.6,16.4,16.1,0.1,0.3,0.4,0.053,-2.3,-1.1,-3.4,-0.1,0
314,Zaza Pachulia\pachuza01,C,23,ATL,62,5,15.2,1.7,4,0.437,0,0,0,1.7,3.9,0.442,0.437,1.7,2.5,0.706,1.4,2.6,4,0.6,0.4,0.2,1.1,2.3,5.2,11,0.515,0.012,0.624,11,19.5,15.3,6,1.3,1,18.1,18.3,0.2,0.9,1.1,0.054,-3.6,-1.2,-4.8,-0.7,0
315,Jannero Pargo\pargoja01,SG,28,NOH,80,5,18.7,3.2,8.2,0.39,0.8,2.3,0.349,2.4,5.8,0.406,0.439,0.9,1,0.877,0.3,1.3,1.6,2.4,0.6,0.1,1.2,1.5,8.1,11.9,0.468,0.285,0.124,2,8.3,5.1,20.4,1.8,0.3,11.9,24.2,-0.3,1.4,1.1,0.037,-1.6,-1.5,-3.1,-0.4,0
316,Anthony Parker\parkean01,SG,32,TOR,82,82,32.1,4.8,10.1,0.476,1.6,3.7,0.438,3.2,6.4,0.499,0.557,1.2,1.5,0.816,0.6,3.5,4.1,2.2,1,0.2,1.1,1.9,12.5,14.4,0.58,0.367,0.151,2.2,12.9,7.5,10.8,1.6,0.5,9,17.4,3.8,2.5,6.2,0.113,1.8,0.4,2.2,2.8,0
318,Tony Parker\parketo01,PG,25,SAS,69,68,33.5,7.5,15.1,0.494,0.2,1,0.258,7.2,14.2,0.51,0.502,3.6,5,0.715,0.4,2.8,3.2,6,0.8,0.1,2.4,1.3,18.8,20,0.542,0.063,0.333,1.6,9.6,5.6,34.1,1.3,0.3,12.1,28.2,3.9,3.2,7,0.146,2,-0.3,1.7,2.2,0
319,Ruben Patterson\patteru01,SF,32,LAC,20,5,16.4,2,4.3,0.453,0,0.1,0,2,4.2,0.464,0.453,1.2,2.2,0.558,1.2,2,3.2,0.9,1.1,0.4,1.4,1.9,5.1,10.9,0.486,0.023,0.5,8.4,14.2,11.3,8.8,3.3,1.6,20.5,18.6,-0.4,0.4,0.1,0.01,-4.3,1.8,-2.6,0,0
320,Chris Paul\paulch01,PG,22,NOH,80,80,37.6,7.9,16.1,0.488,1.2,3.1,0.369,6.7,13,0.516,0.524,4.2,4.9,0.851,0.8,3.2,4,11.6,2.7,0.1,2.5,2.3,21.1,28.3,0.576,0.193,0.302,2.4,10.3,6.2,52.2,3.9,0.1,12.1,25.7,13.2,4.6,17.8,0.284,8.3,0.9,9.2,8.5,1
321,Sasha Pavlovi?\pavloal01,SG,24,CLE,51,45,23.3,2.9,7.9,0.362,0.7,2.2,0.298,2.2,5.7,0.388,0.404,1,1.5,0.688,0.7,1.8,2.5,1.6,0.6,0.1,1.1,2.3,7.4,7.2,0.434,0.283,0.191,3.3,9.2,6.1,11.2,1.3,0.4,11.2,18.8,-0.8,0.9,0.2,0.006,-3.6,-1.4,-5.1,-0.9,0
322,Oleksiy Pecherov\pecheol01,C,22,WAS,35,0,9.1,1.3,3.6,0.352,0.5,1.7,0.283,0.8,1.9,0.415,0.42,0.6,0.9,0.645,0.6,1.3,1.9,0.2,0.2,0.1,0.5,0.9,3.6,9.6,0.451,0.48,0.248,7.5,16.9,12.1,3.6,1,1.3,10.9,22.4,-0.2,0.2,0,-0.002,-3.3,-4,-7.3,-0.4,0
323,Kendrick Perkins\perkike01,C,23,BOS,78,78,24.5,2.7,4.5,0.615,0,0,0,2.7,4.4,0.617,0.615,1.5,2.3,0.623,1.9,4.2,6.1,1.1,0.4,1.5,1.6,3.1,6.9,13.3,0.632,0.003,0.526,9.6,19.3,14.8,6.8,0.9,4.9,22.6,13.5,1.9,4.3,6.2,0.156,-1.7,4.3,2.6,2.2,0
324,Kosta Perovi?\perovko01,C,22,GSW,7,0,5.4,0.4,1.4,0.3,0,0,,0.4,1.4,0.3,0.3,0.6,0.9,0.667,0.9,1,1.9,0.1,0,0.3,0.1,0.9,1.4,10.3,0.396,0,0.6,16.2,20.5,18.3,3.4,0,3.8,7.3,15.1,0,0,0,0.06,-4.9,-1.7,-6.7,0,0
325,Morris Peterson\petermo01,SG,30,NOH,76,76,23.6,2.8,6.8,0.417,1.5,3.8,0.394,1.3,3,0.445,0.526,0.9,1.1,0.765,0.5,2.2,2.7,0.9,0.6,0.1,0.5,1.6,8,11.2,0.549,0.556,0.165,2.3,11.3,6.7,5.5,1.4,0.3,6.9,15.4,2.1,1.7,3.8,0.101,0.5,-0.6,-0.1,0.9,0
326,Johan Petro\petrojo01,C,22,SEA,72,28,18.2,2.6,6.1,0.419,0,0,0,2.6,6.1,0.42,0.419,0.9,1.2,0.736,1.4,3.8,5.1,0.4,0.5,0.6,1,2.4,6,10,0.453,0.002,0.198,8.2,22.6,15.4,3.8,1.3,2.3,13.3,18.2,-1.1,1.5,0.4,0.014,-5.5,0,-5.5,-1.1,0
327,Eric Piatkowski\piatker01,SF,37,PHO,16,0,7.1,0.8,2.1,0.364,0.7,1.6,0.423,0.1,0.4,0.143,0.53,0.3,0.3,1,0.1,0.7,0.8,0.6,0,0.1,0.4,0.7,2.4,8.3,0.561,0.788,0.121,1.1,10.2,6,11.8,0,0.6,14.7,16.1,0.1,0,0.1,0.045,-0.6,-3.2,-3.8,-0.1,0
328,Paul Pierce\piercpa01,SF,30,BOS,80,80,35.9,6.4,13.7,0.464,1.8,4.6,0.392,4.6,9.2,0.499,0.529,5.1,6.1,0.843,0.7,4.5,5.1,4.5,1.3,0.5,2.8,2.5,19.6,19.6,0.599,0.332,0.442,2.3,14,8.5,21.8,1.9,1,14.4,24.8,6.7,5.7,12.4,0.207,3.3,1.5,4.7,4.9,0
329,Mickaâl PiÇtrus\pietrmi01,SF,25,GSW,66,16,19.9,2.6,5.9,0.439,1,2.8,0.361,1.6,3.1,0.51,0.525,1,1.5,0.673,1,2.7,3.7,0.7,1,0.7,0.7,3,7.2,12.7,0.549,0.473,0.253,5.2,14.8,9.8,5.1,2.4,2.4,10,15.3,1.4,1.4,2.8,0.104,-0.2,0.5,0.3,0.8,0
330,Scot Pollard\pollasc01,C,32,BOS,22,0,7.9,0.5,1,0.522,0,0,,0.5,1,0.522,0.522,0.7,1,0.682,0.6,1,1.7,0.1,0.1,0.3,0.2,2,1.8,8.7,0.597,0,0.957,10.2,14.9,12.7,2.5,0.9,2.9,13.3,10.1,0.3,0.3,0.6,0.171,-2.5,1.5,-1,0,0
331,James Posey\poseyja01,PF,31,BOS,74,2,24.6,2.3,5.6,0.418,1.4,3.8,0.38,0.9,1.8,0.496,0.546,1.3,1.6,0.809,0.4,3.9,4.4,1.5,1,0.3,0.9,2.5,7.4,12,0.587,0.674,0.278,2.1,18,10.5,9.5,2.1,0.9,12.3,13.5,2.2,4,6.2,0.164,0.5,2.4,2.9,2.3,0
332,Leon Powe\powele01,C,24,BOS,56,5,14.4,2.8,4.8,0.572,0,0,0,2.8,4.8,0.575,0.572,2.4,3.4,0.71,1.7,2.4,4.1,0.3,0.3,0.3,0.8,2.3,7.9,20.9,0.629,0.004,0.717,14.9,18.3,16.7,3.3,1,1.6,10.8,22.8,2.7,1.6,4.3,0.256,0.6,-1.5,-0.9,0.2,0
333,Josh Powell\poweljo01,C,25,LAC,64,25,19.2,2.3,4.9,0.46,0,0,0,2.3,4.9,0.465,0.46,1,1.4,0.724,1.8,3.4,5.2,0.7,0.2,0.4,1,2,5.5,10.7,0.5,0.01,0.276,10.7,20.4,15.6,6.4,0.6,1.4,15.5,15.7,0.1,1,1.1,0.042,-3.9,-0.3,-4.1,-0.7,0
334,Kasib Powell\powelka01,SF,26,MIA,11,4,27.6,3.2,8.6,0.368,0.7,3,0.242,2.5,5.6,0.435,0.411,0.5,0.8,0.667,0.7,3.3,4,1.6,0.8,0.2,0.5,1.6,7.6,9,0.424,0.347,0.095,3.1,14.4,8.7,10,1.6,0.5,4.8,16.2,-0.2,0.2,0,0.006,-3.1,-0.8,-3.9,-0.1,0
335,Ronnie Price\pricero01,PG,24,UTA,61,3,9.6,1.4,3.3,0.431,0.4,1.2,0.347,1,2.1,0.481,0.495,0.4,0.6,0.684,0.1,0.6,0.8,1.3,0.5,0,0.5,1.4,3.7,12.3,0.516,0.368,0.186,1.7,7.8,4.8,19.4,2.8,0.4,12,19.1,0.5,0.6,1.1,0.094,0.1,-1.4,-1.3,0.1,0
336,Tayshaun Prince\princta01,SF,27,DET,82,82,32.9,5.1,11.5,0.448,0.6,1.8,0.363,4.5,9.7,0.463,0.476,2.3,2.9,0.768,1.3,3.5,4.9,3.3,0.5,0.4,1.1,1.1,13.2,15.6,0.516,0.155,0.256,4.8,12.9,8.8,16.5,0.9,1,8,19.9,4.3,3.2,7.5,0.133,1,0.6,1.6,2.5,0
337,Gabe Pruitt\pruitga01,PG,21,BOS,15,0,6.3,0.9,2.6,0.359,0.2,0.8,0.25,0.7,1.8,0.407,0.397,0.1,0.1,0.5,0.1,0.5,0.5,0.9,0.3,0,0.3,0.7,2.1,8.3,0.401,0.308,0.051,1.3,8.3,5,22.5,2.8,0,11.1,22,-0.1,0.2,0.1,0.028,-4.1,-0.8,-4.8,-0.1,0
338,Joel Przybilla\przybjo01,C,28,POR,77,67,23.6,1.9,3.2,0.576,0,0,0,1.9,3.2,0.578,0.576,1.1,1.6,0.68,2.5,5.9,8.4,0.4,0.2,1.2,1.2,3,4.8,12.3,0.611,0.004,0.488,12.7,29.3,21,2.3,0.4,4,23.8,10.4,1.6,2.7,4.3,0.113,-3.2,1.9,-1.3,0.3,0
339,Chris Quinn\quinnch01,PG,24,MIA,60,25,22.3,2.6,6.2,0.424,1.1,2.7,0.403,1.6,3.6,0.439,0.509,1.4,1.6,0.867,0.2,1.8,2,3,0.8,0.1,0.9,1.5,7.8,13.8,0.559,0.426,0.263,1,9.7,5.3,22.5,1.8,0.2,11.7,16.6,1.9,0.7,2.6,0.092,0.3,-1.9,-1.6,0.1,0
340,Vladimir Radmanovi?\radmavl01,SF,27,LAL,65,41,22.8,3,6.7,0.453,1.5,3.6,0.406,1.6,3.1,0.507,0.562,0.8,1,0.8,0.9,2.4,3.3,1.9,0.7,0.2,1.1,2.3,8.4,12.6,0.583,0.535,0.149,4.4,11.4,8,12.1,1.6,0.6,13.6,16,2,1.5,3.5,0.113,1.4,-0.4,1,1.1,0
341,Shavlik Randolph\randosh01,PF,24,PHI,9,0,3,0.4,1.6,0.286,0,0,,0.4,1.6,0.286,0.286,0,0,,1,0.2,1.2,0.3,0.1,0.3,0.2,0.6,0.9,15.6,0.286,0,0,39.2,8.9,24.2,17.8,2,8.9,12.5,26.7,-0.1,0,0,-0.012,-0.5,4.4,3.9,0,0
342,Zach Randolph\randoza01,C,26,NYK,69,68,32.5,7,15.3,0.459,0.3,1.2,0.275,6.7,14.2,0.474,0.47,3.2,4.2,0.772,2.7,7.6,10.3,2,0.9,0.2,2.7,2.8,17.6,18,0.513,0.076,0.273,9.1,27.6,18,11.8,1.4,0.6,13.6,27.4,0.9,2,3,0.063,-1,-0.5,-1.5,0.3,0
344,Michael Redd\reddmi01,SG,28,MIL,72,71,37.5,7.6,17.3,0.442,1.8,5,0.362,5.8,12.3,0.475,0.495,5.6,6.8,0.82,1.2,3.1,4.3,3.4,0.9,0.2,2.5,1.7,22.7,18.8,0.559,0.289,0.394,3.5,10.2,6.7,16.4,1.3,0.4,11,27.3,5.6,0.2,5.8,0.104,3.4,-2.9,0.5,1.7,0
345,J.J. Redick\redicjj01,SG,23,ORL,34,0,8.1,1.4,3.2,0.444,0.5,1.3,0.395,0.9,1.9,0.477,0.523,0.8,1,0.794,0,0.6,0.7,0.5,0.1,0,0.4,0.9,4.1,12.7,0.569,0.398,0.315,0.4,8.8,4.8,9.7,0.7,0,10.9,22.9,0.3,0.2,0.5,0.091,-0.9,-3.4,-4.3,-0.2,0
346,Chris Richard\richach01,C,23,MIN,52,3,10.7,0.8,1.7,0.471,0,0,,0.8,1.7,0.471,0.471,0.3,0.5,0.593,1,1.6,2.6,0.3,0.2,0.2,0.5,1.6,1.9,7.9,0.496,0,0.31,10.5,17.9,14.1,4.6,0.9,1.7,19.5,10,0.1,0.3,0.4,0.037,-3.8,0.1,-3.7,-0.2,0
347,Jason Richardson\richaja01,SF,27,CHA,82,82,38.4,7.9,17.9,0.441,3,7.3,0.406,4.9,10.6,0.466,0.524,3,4,0.752,1,4.4,5.4,3.1,1.4,0.7,2,2.9,21.8,18.4,0.554,0.408,0.225,2.9,13.3,8,15.2,1.9,1.4,9.3,25.9,4.8,2.6,7.4,0.113,3.5,-0.7,2.8,3.8,0
349,Quentin Richardson\richaqu01,SF,27,NYK,65,65,28.3,3.1,8.5,0.359,1.1,3.3,0.322,2,5.2,0.381,0.421,0.9,1.4,0.682,0.9,4,4.8,1.8,0.7,0.2,1.1,2.4,8.1,8.5,0.444,0.386,0.159,3.4,16.5,9.7,9.9,1.3,0.6,10.4,16.1,-0.6,0.9,0.3,0.008,-2.4,-0.3,-2.7,-0.3,0
350,Luke Ridnour\ridnolu01,PG,26,SEA,61,5,20,2.4,6,0.399,0.3,1.2,0.296,2.1,4.9,0.424,0.428,1.3,1.5,0.857,0.2,1.3,1.5,4,0.6,0.2,1.3,2,6.4,11.3,0.482,0.193,0.247,1.2,7.2,4.2,29.5,1.5,0.8,16.4,17.3,0.3,0.6,0.9,0.035,-2,-2,-4,-0.6,0
351,Nate Robinson\robinna01,PG,23,NYK,72,17,26.2,4.6,10.9,0.423,1.3,4.1,0.332,3.3,6.8,0.478,0.485,2.1,2.7,0.786,0.7,2.4,3.1,2.9,0.8,0,1.4,2.6,12.7,15.3,0.526,0.373,0.251,3,10.7,6.7,19.7,1.7,0,10.6,23.1,2.5,0.7,3.2,0.082,2,-2.1,0,0.9,0
352,Sergio Rodr°guez\rodrise01,PG,21,POR,72,0,8.7,1,2.7,0.352,0.2,0.8,0.293,0.7,1.9,0.377,0.395,0.3,0.5,0.658,0.2,0.6,0.8,1.7,0.3,0,0.7,0.8,2.5,9,0.423,0.296,0.194,2.4,8.4,5.4,31.2,2.1,0,19.9,20,-0.7,0.5,-0.2,-0.017,-3.4,-1.8,-5.2,-0.5,0
353,Rajon Rondo\rondora01,PG,21,BOS,77,77,29.9,4.6,9.3,0.492,0.1,0.2,0.263,4.5,9,0.499,0.496,1.4,2.3,0.611,1,3.2,4.2,5.1,1.7,0.2,1.9,2.4,10.6,15.6,0.515,0.027,0.245,4.3,11.9,8.3,28.2,3,0.5,15.7,18.9,2.3,4.9,7.2,0.15,-0.1,2.7,2.6,2.7,1
354,Malik Rose\rosema01,PF,33,NYK,49,3,10.1,1.3,3.7,0.367,0,0.1,0.286,1.3,3.5,0.37,0.372,0.8,1,0.725,0.6,1.5,2.1,0.6,0.3,0.1,0.8,1.6,3.5,7.3,0.422,0.039,0.283,6.9,17.1,11.9,9.3,1.7,1.1,16.5,22,-0.9,0.4,-0.5,-0.052,-6.2,-1,-7.2,-0.6,0
355,Quinton Ross\rossqu01,SG,26,LAC,76,44,19.8,1.7,4.4,0.391,0.1,0.3,0.429,1.6,4.1,0.389,0.404,0.5,0.8,0.667,0.7,1.6,2.3,1.2,0.6,0.4,0.4,1.7,4.1,7.6,0.43,0.063,0.179,4.1,9.1,6.6,9.4,1.5,1.6,7.4,12,-0.3,1,0.7,0.022,-3.9,0.7,-3.2,-0.5,0
356,Brandon Roy\roybr01,SG,23,POR,74,74,37.7,7.2,15.8,0.454,1,2.9,0.34,6.2,12.9,0.48,0.485,3.8,5,0.753,1.1,3.6,4.7,5.8,1.1,0.2,1.8,2,19.1,19.4,0.531,0.184,0.319,3.4,11.2,7.3,28.2,1.5,0.4,9.3,24.9,5.9,2.1,8,0.138,3.6,-0.2,3.5,3.9,0
357,Michael Ruffin\ruffimi01,C,31,MIL,46,2,13.7,0.7,1.3,0.532,0,0,,0.7,1.3,0.532,0.532,0.5,1.4,0.397,2,2.1,4,0.5,0.7,0.4,0.4,2,2,12.1,0.507,0,1.016,16.1,18.6,17.3,5.4,2.6,2.4,17.5,7.7,0.7,0.6,1.2,0.095,-1.2,2,0.8,0.4,0
358,Kareem Rush\rushka01,SG,27,IND,71,15,21.2,3.2,8,0.401,1.4,3.7,0.389,1.8,4.3,0.41,0.49,0.4,0.6,0.714,0.3,2.1,2.4,1.3,0.6,0.3,0.9,1.5,8.3,10,0.5,0.46,0.074,1.3,11,6.1,9.3,1.4,1,9.5,18.7,-0.2,1.2,1,0.033,-1.9,-1.3,-3.1,-0.4,0
359,John Salmons\salmojo01,SG,28,SAC,81,41,31.1,4.7,9.9,0.477,0.5,1.5,0.325,4.2,8.4,0.504,0.501,2.6,3.2,0.823,0.9,3.4,4.3,2.6,1.1,0.4,2.1,2.1,12.5,13.9,0.556,0.15,0.325,3.6,12.6,8.2,13.4,1.9,1,15.7,19.2,2,1.7,3.7,0.071,-0.5,-0.1,-0.6,0.9,0
360,Cheikh Samb\sambch01,C,23,DET,4,0,7.8,0.8,1,0.75,0,0,,0.8,1,0.75,0.75,0.3,0.5,0.5,0.8,1,1.8,0,0.3,0.5,0.3,2,1.8,12,0.717,0,0.5,11.5,15.5,13.5,0,1.8,5.1,17,8.9,0.1,0.1,0.1,0.178,-2.1,0.9,-1.2,0,0
361,Brian Scalabrine\scalabr01,PF,29,BOS,48,9,10.7,0.6,2,0.309,0.3,1,0.326,0.3,1,0.292,0.388,0.3,0.4,0.75,0.5,1.2,1.6,0.8,0.2,0.2,0.5,1.3,1.8,5.1,0.428,0.489,0.213,5.4,12.5,9.2,11.2,0.9,1.3,20.2,11.7,-0.3,0.9,0.6,0.057,-3.8,1.4,-2.4,-0.1,0
362,Luis Scola\scolalu01,PF,27,HOU,82,39,24.7,4.2,8.2,0.515,0,0,0,4.2,8.1,0.517,0.515,1.9,2.9,0.668,2.1,4.3,6.4,1.3,0.7,0.2,1.3,2.9,10.3,16.1,0.548,0.004,0.351,9.9,19.3,14.6,8.9,1.6,0.7,12,19.8,2.8,3.7,6.5,0.154,-0.9,1.4,0.4,1.3,0
363,Thabo Sefolosha\sefolth01,SG,23,CHI,69,22,20.8,2.6,6.1,0.428,0.4,1.3,0.33,2.2,4.8,0.453,0.462,1.1,1.5,0.721,0.7,3,3.7,1.9,0.9,0.4,1.3,1.9,6.7,11.4,0.497,0.209,0.247,3.8,16.7,10,14.3,2.2,1.6,16.6,17.3,-0.3,1.8,1.5,0.05,-2.6,1.3,-1.3,0.3,0
364,Mouhamed Sene\senesa01,C,21,SEA,13,0,4.8,0.8,1.8,0.458,0,0,,0.8,1.8,0.458,0.458,0.6,1.3,0.471,0.5,0.7,1.2,0.1,0,0.5,0,0.7,2.3,18.2,0.476,0,0.708,12.3,15.8,14.1,2.6,0,8.1,0,22,0.1,0.1,0.2,0.121,-2.9,-0.8,-3.7,0,0
365,Ramon Sessions\sessira01,PG,21,MIL,17,7,26.5,3,6.9,0.436,0.2,0.4,0.429,2.8,6.5,0.436,0.449,1.9,2.4,0.78,0.5,2.9,3.4,7.5,1,0.2,2.1,1.5,8.1,16.2,0.507,0.06,0.35,2,13.6,7.6,43.5,2,0.5,21,17.1,0.5,0.2,0.7,0.077,-0.9,-2.1,-3.1,-0.1,0
366,Bobby Simmons\simmobo01,SF,27,MIL,70,21,21.7,3,7.1,0.421,0.9,2.4,0.351,2.1,4.6,0.458,0.482,0.8,1,0.757,1,2.3,3.2,1.1,0.7,0.1,1.1,2,7.6,10.3,0.504,0.345,0.141,5,12.8,8.7,8.4,1.7,0.3,12.9,17.9,0.2,0.5,0.7,0.022,-1.5,-1.9,-3.4,-0.5,0
368,Courtney Sims\simsco01,C,24,IND,3,0,3.7,0,0.3,0,0,0,,0,0.3,0,0,0,0,,0.3,0.3,0.7,0.3,0,0,0,0.7,0,1.1,0,0,0,9.7,10.1,9.9,11.6,0,0,0,3.9,0,0,0,0.008,-5.8,0.1,-5.7,0,0
369,Brian Skinner\skinnbr01,C,31,PHO,66,0,12.8,1.4,3,0.465,0,0,0.667,1.4,3,0.462,0.47,0.5,1,0.524,1,2.7,3.6,0.2,0.3,1.2,0.6,1.7,3.3,11.4,0.485,0.015,0.318,9.2,21.7,15.9,2.4,1.2,6,14.7,14,-0.2,1.4,1.2,0.069,-4.8,2.1,-2.6,-0.1,0
370,Craig Smith\smithcr01,PF,24,MIN,77,11,20.1,3.9,6.9,0.563,0,0.1,0,3.9,6.7,0.572,0.563,1.7,2.6,0.665,1.6,3,4.6,0.8,0.5,0.2,1.2,2.8,9.4,16.7,0.59,0.017,0.379,8.9,17.8,13.2,6.6,1.2,0.9,12.6,20.6,2.7,0.9,3.5,0.109,-0.2,-1.6,-1.8,0.1,0
371,J.R. Smith\smithjr01,SG,22,DEN,74,0,19.2,4.2,9.1,0.461,2.1,5.3,0.403,2.1,3.8,0.542,0.578,1.7,2.4,0.719,0.6,1.5,2.1,1.7,0.8,0.2,1.5,1.9,12.3,18.1,0.603,0.579,0.264,3.3,8.1,5.8,14.7,2.1,0.6,13,25.8,2.5,1.3,3.7,0.126,3.9,-2.7,1.2,1.2,0
372,Jason Smith\smithja02,PF,21,PHI,76,1,14.6,1.9,4.1,0.455,0.1,0.2,0.286,1.8,3.9,0.463,0.461,0.7,1.1,0.659,1,2,3,0.3,0.3,0.7,0.6,1.9,4.5,10.7,0.491,0.045,0.265,8.2,16.6,12.3,2.8,1.1,3.6,12.2,16.1,0.2,1.4,1.5,0.067,-4,0.2,-3.8,-0.5,0
374,Josh Smith\smithjo03,PF,22,ATL,81,81,35.5,6.4,14,0.457,0.3,1.2,0.253,6.1,12.8,0.477,0.468,4.1,5.8,0.71,2,6.2,8.2,3.4,1.5,2.8,3,3.3,17.2,19,0.52,0.087,0.414,6.6,20.4,13.5,16.6,2.3,5.9,15.5,25,1.2,4.6,5.8,0.097,-0.7,3.8,3.1,3.7,0
375,Eric Snow\snower01,PG,34,CLE,22,5,13.9,0.3,1.7,0.158,0,0.1,0,0.3,1.6,0.167,0.158,0.5,1,0.455,0.2,0.7,0.9,1.9,0.5,0.2,0.5,1.4,1,3.1,0.231,0.053,0.579,1.4,6.2,3.7,19.1,1.7,1,17.3,8.6,-0.4,0.3,-0.1,-0.021,-7.2,-0.2,-7.4,-0.4,0
377,Darius Songaila\songada01,C,29,WAS,80,13,19.4,2.7,5.8,0.458,0,0,0,2.7,5.8,0.46,0.458,0.8,0.9,0.918,1,2.4,3.4,1.7,0.7,0.2,1.1,2.3,6.2,11.8,0.496,0.004,0.156,6,14.7,10.2,14.2,1.8,0.9,14.7,17.3,0.6,1.2,1.7,0.053,-2.2,0,-2.2,-0.1,0
378,Jerry Stackhouse\stackje01,SG,33,DAL,58,13,24.3,3.7,9.1,0.405,1,3.2,0.326,2.6,5.9,0.447,0.462,2.3,2.6,0.892,0.6,1.7,2.3,2.5,0.5,0.2,1.5,1.4,10.7,13.3,0.523,0.35,0.281,2.8,7.9,5.4,16.7,1.1,0.5,12.7,22.4,1.2,1.1,2.3,0.077,0.4,-1.7,-1.3,0.2,0
379,DeShawn Stevenson\stevede01,SG,26,WAS,82,82,31.3,3.7,9.5,0.386,1.9,5,0.383,1.7,4.5,0.39,0.487,1.9,2.4,0.797,0.5,2.4,2.9,3.1,0.8,0.2,1.2,1.3,11.2,12.6,0.529,0.529,0.253,1.6,9.3,5.4,15.5,1.4,0.5,10.5,17.4,3.2,0.9,4.1,0.077,1.3,-1.7,-0.4,1.1,0
380,Peja Stojakovi?\stojape01,SF,30,NOH,77,77,35.2,5.9,13.3,0.44,3,6.8,0.441,2.9,6.5,0.438,0.552,1.7,1.8,0.929,0.8,3.5,4.3,1.2,0.7,0.1,0.8,1.6,16.4,15.7,0.581,0.511,0.136,2.7,11.8,7.1,5.6,1.1,0.3,5.3,19.7,5.8,2.4,8.1,0.144,3,-1.2,1.8,2.6,0
381,Awvee Storey\storeaw01,SG,30,MIL,26,0,10,1.5,3.4,0.438,0,0.3,0,1.5,3.2,0.476,0.438,0.5,1.1,0.483,1.2,0.9,2.1,0.6,0.3,0,0.4,1.6,3.5,11.5,0.452,0.079,0.326,13.5,10.9,12.3,10.1,1.4,0.3,8.9,19.4,0.1,0,0.2,0.031,-1.4,-2.6,-4,-0.1,0
383,Salim Stoudamire\stoudsa01,PG,25,ATL,35,0,11.5,1.9,5.1,0.361,0.8,2.4,0.341,1,2.7,0.379,0.442,1.2,1.4,0.82,0.1,0.6,0.7,0.8,0.2,0.1,0.6,1,5.7,11.1,0.495,0.472,0.278,1.2,5.8,3.5,11.9,0.9,0.9,9.4,25.2,0.1,0.1,0.3,0.031,-1.2,-5,-6.2,-0.4,0
384,Amar'e Stoudemire\stoudam01,C,25,PHO,79,79,33.9,9,15.3,0.59,0.1,0.4,0.161,9,14.9,0.601,0.592,7,8.7,0.805,2.3,6.8,9.1,1.5,0.8,2.1,2.2,3.7,25.2,27.6,0.656,0.026,0.571,8.2,21.1,15.2,7.5,1.2,4,10.3,28.2,10.9,3.8,14.6,0.262,3.5,0.4,3.9,4,0
385,D.J. Strawberry\strawdj01,SG,22,PHO,33,0,8.2,0.9,2.8,0.315,0.2,0.8,0.24,0.7,2,0.343,0.348,0.3,0.6,0.474,0.3,0.6,0.8,0.9,0.4,0.2,0.3,1.1,2.2,6.2,0.364,0.272,0.207,4.1,7.4,5.9,14.8,2.2,1.5,9.9,18.5,-0.4,0.2,-0.2,-0.031,-4.5,-0.6,-5.1,-0.2,0
386,Rodney Stuckey\stuckro01,PG,21,DET,57,2,19,2.7,6.7,0.401,0.1,0.3,0.188,2.6,6.4,0.41,0.404,2.2,2.7,0.814,0.6,1.7,2.3,2.8,0.9,0.1,1.4,2,7.6,13.8,0.484,0.042,0.408,3.5,10.8,7.1,23.9,2.5,0.4,14.8,23.1,0.4,1.6,2,0.09,-1.6,0.5,-1.1,0.3,0
387,Robert Swift\swiftro01,C,22,SEA,8,4,12.3,0.8,2.1,0.353,0,0,,0.8,2.1,0.353,0.353,0.3,0.3,1,0.8,1.5,2.3,0.1,0.6,0.8,1.3,2,1.8,2.9,0.391,0,0.118,6.7,13.3,10,1.4,2.5,4.4,35.9,12.3,-0.3,0.1,-0.2,-0.074,-8.7,3.1,-5.7,-0.1,0
390,Sebastian Telfair\telfase01,PG,22,MIN,60,51,32.2,3.7,9.3,0.401,0.5,1.9,0.281,3.2,7.4,0.432,0.43,1.3,1.8,0.743,0.3,2,2.3,5.9,1,0.2,1.9,2.9,9.3,10.4,0.462,0.205,0.189,0.9,7.4,4,27.7,1.6,0.5,15.6,16.6,0.2,0.5,0.7,0.018,-1.7,-2,-3.7,-0.8,0
391,Jason Terry\terryja01,SG,30,DAL,82,34,31.5,5.7,12.3,0.467,1.7,4.4,0.375,4.1,7.9,0.519,0.535,2.3,2.7,0.857,0.4,2.2,2.5,3.2,1.1,0.2,1.1,2.1,15.5,17.8,0.574,0.36,0.221,1.4,7.7,4.7,17.5,1.8,0.5,7.7,21.7,6.1,2.5,8.6,0.16,3.7,-1,2.7,3.1,0
393,Kenny Thomas\thomake01,PF,30,SAC,23,3,12.2,0.7,1.7,0.421,0,0,,0.7,1.7,0.421,0.421,0,0.2,0,0.8,1.9,2.7,0.6,0.3,0,0.9,1.7,1.4,2.6,0.398,0,0.132,7.7,17.7,12.8,6.5,1.1,0.3,34.3,9.7,-0.5,0.2,-0.3,-0.047,-6,0.1,-5.9,-0.3,0
395,Tim Thomas\thomati01,PF,30,LAC,63,51,30.8,4.6,11.2,0.413,1.3,4.3,0.306,3.3,6.9,0.479,0.472,1.8,2.4,0.752,1,4.1,5.1,2.7,0.6,0.5,1.6,3,12.4,12.2,0.505,0.384,0.217,3.7,15.6,9.6,15.7,1.1,1.1,11.3,20.7,0.3,1.4,1.7,0.042,-0.3,-0.4,-0.6,0.7,0
396,Tyrus Thomas\thomaty01,PF,21,CHI,74,27,18,2.5,5.9,0.423,0,0.1,0.167,2.5,5.9,0.426,0.424,1.7,2.4,0.741,1.4,3.2,4.6,1.2,0.6,1,1,2.3,6.8,14.6,0.486,0.014,0.395,8.4,21.1,14.5,11,1.9,4.2,13,19.7,0.4,2.1,2.4,0.088,-3.1,2.4,-0.7,0.5,0
397,Al Thornton\thornal01,PF,24,LAC,79,31,27.3,4.7,11,0.429,0.5,1.6,0.331,4.2,9.4,0.447,0.454,2.7,3.6,0.743,1.2,3.3,4.5,1.2,0.6,0.5,1.6,2.5,12.7,12.7,0.504,0.149,0.331,5.2,14,9.6,8.4,1.1,1.5,11.4,24.1,-0.5,1.6,1.1,0.025,-2.5,-1.3,-3.8,-1,0
398,Jamaal Tinsley\tinslja01,PG,29,IND,39,36,33.2,4.5,11.9,0.38,1,3.6,0.284,3.5,8.3,0.422,0.423,1.8,2.6,0.72,0.6,3,3.6,8.4,1.7,0.3,3.3,2.5,11.9,12.8,0.458,0.305,0.216,2,10,5.9,38.8,2.5,0.6,20.4,21.3,-0.6,1.3,0.8,0.028,-1.3,-0.7,-2,0,0
399,Alando Tucker\tuckeal02,SF,23,PHO,6,0,8,1.3,3.7,0.364,0.2,0.7,0.25,1.2,3,0.389,0.386,0.8,1,0.833,0.7,0.7,1.3,0,0,0.2,0,0.3,3.7,11.8,0.446,0.182,0.273,10.2,8.7,9.4,0,0,1.4,0,23,0,0,0,0.042,-4.5,-7.4,-11.8,-0.1,0
400,Ronny Turiaf\turiaro01,C,25,LAL,78,21,18.7,2.4,5.1,0.474,0,0,0,2.4,5.1,0.475,0.474,1.8,2.4,0.753,1.2,2.7,3.9,1.6,0.4,1.4,0.9,2.6,6.6,15,0.539,0.003,0.469,7.5,15.4,11.6,12.7,1,5.3,13.1,16.7,2,2.1,4.2,0.137,-1.5,2.6,1.1,1.1,0
401,Hedo TÅrko?lu\turkohe01,SF,28,ORL,82,82,36.9,6.8,14.9,0.456,2,5.1,0.4,4.8,9.8,0.485,0.524,4,4.8,0.829,1,4.7,5.7,5,0.9,0.3,3,3,19.5,17.8,0.576,0.34,0.321,3.3,14.2,9,22.9,1.3,0.6,15,24.8,5.6,3.5,9,0.143,2.9,0.5,3.3,4.1,1
402,Ime Udoka\udokaim01,PF,30,SAS,73,0,18,2.2,5.1,0.424,0.8,2.3,0.37,1.3,2.9,0.467,0.505,0.6,0.8,0.759,0.5,2.6,3.1,0.9,0.8,0.2,0.8,1.7,5.8,11.5,0.528,0.44,0.155,3.3,17,10.2,7.7,2.3,1,12.6,16.7,0.2,2.6,2.8,0.102,-1.8,1.9,0.2,0.7,0
403,Beno Udrih\udrihbe01,PG,25,SAC,65,51,32,5,10.9,0.463,0.8,2.1,0.387,4.2,8.8,0.482,0.501,1.9,2.3,0.85,0.5,2.8,3.3,4.3,0.9,0.2,2.3,2.1,12.8,13.3,0.54,0.194,0.208,2,10.2,6.2,22.2,1.4,0.4,16.1,19.8,1.5,0.9,2.4,0.056,-0.2,-1.6,-1.7,0.1,1
404,Anderson Varej?o\varejan01,C,25,CLE,48,13,27.5,2.8,6.1,0.461,0,0,0,2.8,6.1,0.464,0.461,1,1.7,0.598,2.8,5.5,8.3,1.1,0.8,0.5,1.2,2.8,6.7,12,0.485,0.007,0.278,11.2,23.6,17.2,6.3,1.5,1.6,15.1,13.4,0.5,1.9,2.4,0.086,-3.2,1.6,-1.6,0.1,0
405,Jacque Vaughn\vaughja01,PG,32,SAS,74,9,15.4,1.6,3.8,0.428,0,0.1,0.3,1.6,3.7,0.432,0.433,0.8,1.1,0.763,0.2,0.8,1,2.1,0.3,0,0.7,1.3,4.1,9.2,0.481,0.035,0.283,1.4,6.2,3.8,21.9,1.1,0.1,14.5,15.6,0.3,1.4,1.6,0.069,-3.9,-0.9,-4.8,-0.8,0
406,Charlie Villanueva\villach01,PF,23,MIL,76,31,24.1,4.7,10.7,0.435,0.7,2.4,0.297,3.9,8.3,0.475,0.469,1.6,2.1,0.783,1.9,4.2,6.1,1,0.4,0.5,1.4,2.3,11.7,14.9,0.502,0.227,0.193,8.9,21.5,15,7.5,0.9,1.5,10.8,24.4,0.9,0.9,1.7,0.045,-1.4,-2.6,-4,-0.9,0
407,Marcus Vinicius\vincima01,SF,23,NOH,13,0,5.3,0.7,1.5,0.45,0.4,0.9,0.417,0.3,0.6,0.5,0.575,0.4,0.8,0.455,0.1,0.5,0.6,0.2,0.1,0.1,0.2,0.3,2.2,11.6,0.564,0.6,0.55,1.7,12.1,6.8,4.3,0.8,1.1,10.8,18.8,0,0.1,0.1,0.073,-1.2,-2.5,-3.7,0,0
408,Jake Voskuhl\voskuja01,C,30,MIL,44,0,8.8,0.8,1.8,0.463,0,0,,0.8,1.8,0.463,0.463,0.5,0.7,0.828,0.7,1.5,2.2,0.3,0.2,0.5,0.7,1.9,2.2,8.7,0.528,0,0.363,8.8,21.3,14.8,5.1,1.2,4.3,23.8,14.2,-0.1,0.3,0.2,0.025,-5.3,0.6,-4.7,-0.3,0
409,Sasha Vuja?i?\vujacsa01,SG,23,LAL,72,0,17.8,3,6.7,0.454,1.6,3.8,0.437,1.4,2.9,0.476,0.577,1.1,1.3,0.835,0.3,1.9,2.1,1,0.5,0.1,0.7,1.5,8.8,15.1,0.605,0.56,0.189,1.7,11.3,6.7,8.7,1.4,0.3,9.1,19.8,2.4,1.2,3.6,0.136,2.1,-2.3,-0.2,0.6,0
410,Dwyane Wade\wadedw01,SG,26,MIA,51,49,38.3,8.6,18.4,0.469,0.4,1.5,0.286,8.2,16.9,0.485,0.48,6.9,9.2,0.758,0.9,3.3,4.2,6.9,1.7,0.7,4.4,2.7,24.6,21.5,0.549,0.082,0.498,2.7,10.5,6.6,37.5,2.4,1.5,16.4,33.1,1.8,1.5,3.3,0.082,3,0,3,2.5,0
412,Antoine Walker\walkean02,PF,31,MIN,46,1,19.4,3,8.2,0.363,1.3,4.1,0.324,1.6,4.1,0.401,0.444,0.8,1.4,0.53,1.2,2.4,3.7,1,0.7,0.2,1,1.7,8,11.4,0.455,0.501,0.176,7.1,15,10.9,8,1.9,0.7,10.2,22.8,-0.5,0.5,0.1,0.004,-0.8,-2.1,-2.9,-0.2,0
414,Gerald Wallace\wallage01,PF,25,CHA,62,59,38.3,6.6,14.6,0.449,1.1,3.6,0.321,5.4,11.1,0.491,0.488,5,6.9,0.731,0.9,5.1,6,3.5,2.1,0.9,2.9,3,19.4,17.5,0.547,0.243,0.471,2.8,15.3,9,15.9,2.9,1.9,14.1,24.6,1.8,2.8,4.6,0.094,0.9,1.4,2.3,2.6,0
415,Rasheed Wallace\wallara01,C,33,DET,77,76,30.5,4.9,11.3,0.432,1.5,4.1,0.356,3.4,7.2,0.476,0.497,1.5,1.9,0.767,1.1,5.5,6.6,1.8,1.2,1.7,1.1,2.8,12.7,17.2,0.523,0.362,0.172,4.3,21.8,13,9.7,2.1,4.3,8.4,20.5,2.5,5.1,7.6,0.155,0.6,3.4,4,3.6,0
416,Luke Walton\waltolu01,SF,27,LAL,74,31,23.4,2.9,6.5,0.45,0.4,1.1,0.333,2.5,5.3,0.475,0.479,1,1.5,0.706,1.1,2.8,3.9,2.9,0.8,0.2,1.4,1.8,7.2,12.3,0.509,0.176,0.228,5.7,12.7,9.3,18.1,1.7,0.8,16,16,1.2,2,3.2,0.088,-0.9,0.7,-0.2,0.8,0
417,Hakim Warrick\warriha01,PF,25,MEM,75,30,23.4,4.4,8.7,0.502,0.2,0.6,0.271,4.2,8.1,0.521,0.512,2.4,3.5,0.704,1.6,3.1,4.7,0.7,0.5,0.4,1.1,2.1,11.4,16.2,0.555,0.074,0.398,7.8,15,11.4,5.2,1,1.2,10,21.6,2.5,0.8,3.3,0.09,-0.9,-2.1,-3.1,-0.5,0
418,Darius Washington\washida01,SG,22,SAS,18,0,8.1,1.2,2.7,0.438,0.2,0.7,0.333,0.9,2,0.472,0.479,0.4,0.7,0.538,0.2,0.9,1.1,0.8,0.3,0,0.8,0.9,2.9,9,0.493,0.25,0.271,3.3,12.8,8.1,17.1,1.9,0,20.7,22.2,-0.2,0.2,0,0.012,-4.3,0.1,-4.2,-0.1,0
419,Darryl Watkins\watkida01,C,23,SAC,9,0,7.9,0.6,1.7,0.333,0,0,,0.6,1.7,0.333,0.333,0.2,0.6,0.4,0.6,0.8,1.3,0,0.2,0.2,0.8,0.9,1.3,0.5,0.349,0,0.333,8.5,11.4,10,0,1.4,2.2,28.9,15.2,-0.2,0,-0.2,-0.136,-10.1,-2.7,-12.8,-0.2,0
420,C.J. Watson\watsocj01,PG,23,GSW,32,0,11.5,1.3,3.2,0.426,0.3,0.8,0.346,1.1,2.3,0.453,0.47,0.7,0.9,0.793,0.4,0.6,1,1.1,0.5,0,0.6,0.6,3.7,11,0.519,0.257,0.287,3.6,5.8,4.7,12.8,2,0,13.7,15.1,0.3,0.1,0.4,0.056,-1.8,-1.9,-3.6,-0.2,0
421,Earl Watson\watsoea01,PG,28,SEA,78,73,29.1,4.3,9.6,0.454,0.6,1.7,0.371,3.7,7.9,0.472,0.487,1.4,1.9,0.766,0.6,2.3,2.9,6.8,0.9,0.1,2.2,2,10.7,14.6,0.517,0.177,0.194,2.1,8.7,5.4,36.6,1.5,0.3,17.8,18.8,1.7,1.1,2.9,0.061,0.2,-1.8,-1.6,0.3,0
422,Chris Webber\webbech01,PF,34,GSW,9,8,14,1.7,3.4,0.484,0,0,,1.7,3.4,0.484,0.484,0.6,1.3,0.417,0.2,3.3,3.6,2,0.4,0.7,1.2,1.9,3.9,10.7,0.482,0,0.387,1.6,26.5,13.6,19.3,1.5,3.5,23.3,15.8,-0.1,0.2,0.1,0.025,-5.8,2.3,-3.5,0,0
423,Martell Webster\webstma02,SF,21,POR,75,70,28.4,3.7,8.7,0.422,1.6,4.2,0.388,2.1,4.5,0.454,0.516,1.6,2.2,0.735,0.7,3.2,3.9,1.2,0.6,0.4,1.1,2.1,10.7,12,0.548,0.483,0.253,3,13.3,8.2,7,1.1,1,10.2,18,1.8,1.7,3.5,0.079,0.4,-0.3,0,1.1,0
425,David West\westda01,PF,27,NOH,76,76,37.8,8.3,17.2,0.482,0.1,0.3,0.24,8.2,16.8,0.487,0.484,3.9,4.6,0.85,2.4,6.5,8.9,2.3,0.8,1.3,2.2,2.7,20.6,19.9,0.535,0.019,0.27,7.2,20.6,13.7,10.6,1.2,2.7,10.2,26.3,4.3,4,8.4,0.14,-0.2,1.4,1.1,2.3,1
427,Mario West\westma02,SG,23,ATL,64,2,4.2,0.3,0.8,0.429,0,0.1,0,0.3,0.7,0.467,0.429,0.3,0.4,0.654,0.4,0.3,0.8,0.2,0.2,0.1,0.1,1,0.9,8.6,0.488,0.082,0.531,11.3,9.5,10.4,7.2,2.4,1.1,13,11.7,0.2,0.2,0.5,0.082,-1.9,0,-1.9,0,0
428,Chris Wilcox\wilcoch01,PF,25,SEA,62,55,28,5.4,10.3,0.524,0,0,0,5.4,10.2,0.526,0.524,2.6,4,0.645,2,5,7,1.2,0.7,0.6,1.7,2.8,13.4,16.3,0.554,0.005,0.389,7.9,19.2,13.6,7.1,1.3,1.5,12.1,21.2,1.7,1.6,3.4,0.093,-0.9,0,-0.9,0.5,0
429,Damien Wilkins\wilkida02,SF,28,SEA,76,31,24.3,3.6,8.9,0.403,0.7,2,0.323,2.9,6.8,0.427,0.44,1.4,1.9,0.736,0.9,2.3,3.2,2,0.8,0.3,1.2,1.7,9.2,11.3,0.474,0.23,0.214,4.3,10.2,7.2,12.7,1.7,0.7,10.8,19.4,-0.1,1.2,1,0.027,-1.4,-0.4,-1.9,0.1,0
431,Aaron Williams\williaa01,C,36,LAC,30,5,9.9,0.9,1.8,0.491,0,0,,0.9,1.8,0.491,0.491,0.5,0.6,0.778,0.5,1.5,2,0.3,0.4,0.5,0.4,1.5,2.3,10.3,0.54,0,0.327,5.8,18,11.9,4.9,2.1,3.8,17.1,11.8,0,0.4,0.4,0.072,-4.7,2.4,-2.3,0,0
432,Deron Williams\willide01,PG,23,UTA,82,82,37.3,6.9,13.6,0.507,1,2.6,0.395,5.9,11.1,0.533,0.544,4,5,0.803,0.4,2.5,3,10.5,1.1,0.3,3.4,2.4,18.8,20.8,0.595,0.188,0.368,1.4,8.3,4.9,43.6,1.5,0.6,17.7,23.1,8.9,2.3,11.3,0.177,4.3,-2.2,2.1,3.2,0
433,Jason Williams\willija02,PG,32,MIA,67,53,28.1,3.1,8.2,0.384,1.4,4.1,0.353,1.7,4.1,0.415,0.472,1,1.2,0.863,0.2,1.8,1.9,4.6,1.2,0.1,1.4,1.4,8.8,12.7,0.502,0.5,0.145,0.8,7.6,4.1,27.3,2.3,0.2,13.5,17,1,1.1,2.1,0.052,-0.2,-2,-2.2,-0.1,0
435,Lou Williams\willilo02,PG,21,PHI,80,0,23.3,4,9.4,0.424,0.7,1.9,0.359,3.3,7.5,0.441,0.461,2.8,3.6,0.783,0.5,1.6,2.1,3.2,1,0.2,1.6,1.6,11.5,16.7,0.523,0.203,0.386,2.6,8.1,5.3,22.6,2.3,0.6,12.4,24.3,2.5,1.8,4.4,0.112,1,-1.2,-0.2,0.8,0
436,Marcus Williams\willima03,PG,22,NJN,53,7,16.1,2.1,5.5,0.379,1,2.7,0.38,1.1,2.8,0.377,0.471,0.7,0.9,0.787,0.3,1.6,1.9,2.6,0.5,0.1,1.4,1,5.9,11,0.499,0.485,0.16,1.9,11.8,6.9,27.8,1.5,0.3,19.3,20.8,-0.4,0.5,0.2,0.009,-1.6,-2.3,-3.9,-0.4,0
438,Marvin Williams\willima02,SF,21,ATL,80,80,34.6,5.3,11.5,0.462,0,0.1,0.1,5.3,11.4,0.466,0.462,4.2,5.1,0.822,1.5,4.2,5.7,1.7,1,0.4,1.6,2.8,14.8,14.5,0.54,0.011,0.446,5,14.2,9.6,8.3,1.5,0.9,10.4,20.1,3.6,2.1,5.7,0.099,-1,-0.6,-1.6,0.3,0
439,Mo Williams\willima01,PG,25,MIL,66,66,36.5,6.7,13.9,0.48,1.3,3.5,0.385,5.3,10.4,0.512,0.528,2.5,2.9,0.856,0.6,2.9,3.5,6.3,1.2,0.2,2.8,2.8,17.2,17,0.566,0.251,0.211,1.7,9.8,5.6,30,1.7,0.3,15.3,22.1,4.1,0.5,4.5,0.091,2.6,-2.3,0.2,1.4,0
440,Sean Williams\willise01,C,21,NJN,73,29,17.5,2.2,4.2,0.538,0,0,,2.2,4.2,0.538,0.538,1.1,1.8,0.609,1.6,2.8,4.4,0.4,0.4,1.5,1,2.6,5.6,13.9,0.563,0,0.436,10.4,18.8,14.6,3.7,1.1,6.5,16.1,15.5,0.8,1.7,2.5,0.093,-3.6,2.1,-1.6,0.1,0
441,Shawne Williams\willish03,SF,21,IND,65,3,14.9,2.4,5.7,0.427,0.7,2.1,0.314,1.8,3.6,0.494,0.485,1.2,1.6,0.717,0.8,1.9,2.7,0.9,0.4,0.4,0.9,2,6.7,12.8,0.522,0.368,0.285,6,14,9.9,9.8,1.3,2,12.2,21.3,0.4,1,1.4,0.069,-1.4,-0.9,-2.3,-0.1,0
443,Loren Woods\woodslo01,C,29,HOU,7,0,2.4,0.4,0.7,0.6,0,0,,0.4,0.7,0.6,0.6,0,0,,0,0.1,0.1,0.3,0,0,0,0.3,0.9,13.4,0.6,0,0,0,6.5,3.3,20.1,0,0,0,13.4,0,0,0.1,0.179,-1.3,-3.2,-4.5,0,0
444,Metta World Peace\artesro01,SF,28,SAC,57,54,38.1,7.6,16.9,0.453,1.5,3.9,0.38,6.2,13,0.475,0.497,3.7,5.2,0.719,1.8,4,5.8,3.5,2.3,0.7,2.6,2.8,20.5,18.8,0.535,0.23,0.307,5.6,12.1,8.9,16.2,3.1,1.4,11.9,25.5,2.4,2.2,4.7,0.103,2.2,0.5,2.7,2.6,0
446,Brandan Wright\wrighbr03,PF,20,GSW,38,6,9.9,1.6,2.9,0.554,0,0,,1.6,2.9,0.554,0.554,0.7,1.1,0.675,1,1.6,2.6,0.2,0.2,0.6,0.3,0.9,4,17.2,0.583,0,0.357,10.4,18.1,14.1,3.4,0.8,4.3,9.1,16,0.8,0.3,1.1,0.142,-1.8,-0.6,-2.4,0,0
447,Dorell Wright\wrighdo01,SF,22,MIA,44,34,25.1,3.3,6.7,0.488,0.1,0.3,0.364,3.2,6.4,0.493,0.495,1.3,1.6,0.826,1.1,3.9,5,1.4,0.7,0.9,0.7,1.8,7.9,14.4,0.537,0.038,0.235,5.1,19,11.9,9.4,1.4,3,8.2,15.1,1.2,1.1,2.2,0.096,-2.3,1.4,-0.8,0.3,0
448,Julian Wright\wrighju01,SF,20,NOH,57,1,11.2,1.6,3,0.533,0.2,0.4,0.417,1.4,2.5,0.552,0.562,0.6,0.9,0.635,0.6,1.5,2.1,0.7,0.5,0.2,0.6,0.8,3.9,15.4,0.581,0.142,0.308,5.9,15.7,10.7,9.5,2.4,1.5,15.1,16.4,0.7,0.9,1.7,0.126,-1,1.6,0.6,0.4,0
450,Nick Young\youngni01,SG,22,WAS,75,2,15.4,2.8,6.4,0.439,0.5,1.3,0.4,2.3,5,0.45,0.481,1.3,1.7,0.815,0.3,1.2,1.5,0.8,0.5,0.1,1.3,1.7,7.5,11.6,0.527,0.209,0.259,2.3,9.6,5.8,9.6,1.6,0.5,15,24.9,-0.1,0.6,0.4,0.017,-2.5,-3.1,-5.6,-1.1,0
451,Thaddeus Young\youngth01,PF,19,PHI,74,22,21,3.6,6.6,0.539,0.1,0.3,0.316,3.5,6.4,0.548,0.545,1,1.4,0.738,1.6,2.6,4.2,0.8,1,0.1,0.9,1.7,8.2,16.5,0.57,0.039,0.21,9.1,14.8,11.9,6.2,2.5,0.4,10.7,17.4,2.6,2,4.5,0.14,0.3,0.3,0.6,1,0